"State","County","Year","Days with AQI","Good Days","Moderate Days","Unhealthy for Sensitive Groups Days","Unhealthy Days","Very Unhealthy Days","Hazardous Days","Max AQI","90th Percentile AQI","Median AQI","Days CO","Days NO2","Days Ozone","Days PM2.5","Days PM10"
"Alabama","Baldwin",2015,264,205,58,1,0,0,0,129,57,39,0,0,169,95,0
"Alabama","Clay",2015,112,73,39,0,0,0,0,92,56,43,0,0,0,112,0
"Alabama","Colbert",2015,280,221,59,0,0,0,0,76,56,39,0,0,179,101,0
"Alabama","DeKalb",2015,363,294,68,1,0,0,0,101,55,38,0,0,284,79,0
"Alabama","Elmore",2015,233,223,9,1,0,0,0,115,47,35,0,0,233,0,0
"Alabama","Etowah",2015,365,132,226,4,3,0,0,176,68,54,0,0,84,281,0
"Alabama","Houston",2015,283,241,42,0,0,0,0,74,54,36,0,0,188,95,0
"Alabama","Jefferson",2015,365,106,254,5,0,0,0,147,73,55,0,2,44,317,2
"Alabama","Lawrence",2015,114,92,22,0,0,0,0,74,55,36,0,0,0,114,0
"Alabama","Madison",2015,333,265,68,0,0,0,0,87,58,39,0,0,195,85,53
"Alabama","Mobile",2015,363,192,170,1,0,0,0,105,61,48,0,0,64,299,0
"Alabama","Montgomery",2015,359,135,223,1,0,0,0,115,65,53,0,0,65,294,0
"Alabama","Morgan",2015,365,241,124,0,0,0,0,93,61,44,0,0,101,264,0
"Alabama","Russell",2015,337,110,225,2,0,0,0,141,69,54,0,0,41,296,0
"Alabama","Shelby",2015,257,207,48,2,0,0,0,115,61,40,0,0,217,40,0
"Alabama","Sumter",2015,314,169,144,1,0,0,0,107,62,48,0,0,96,218,0
"Alabama","Talladega",2015,107,47,60,0,0,0,0,84,62,52,0,0,0,107,0
"Alabama","Tuscaloosa",2015,357,94,263,0,0,0,0,91,67,56,0,0,20,337,0
"Alaska","Aleutians East ",2015,117,117,0,0,0,0,0,44,28,13,0,0,0,117,0
"Alaska","Anchorage ",2015,361,261,100,0,0,0,0,79,60,34,2,0,0,304,55
"Alaska","Denali ",2015,363,355,8,0,0,0,0,90,44,35,0,0,355,8,0
"Alaska","Fairbanks North Star ",2015,365,124,178,20,37,6,0,263,154,59,0,0,63,298,4
"Alaska","Juneau ",2015,351,262,89,0,0,0,0,92,61,28,0,0,0,349,2
"Alaska","Kenai Peninsula ",2015,40,40,0,0,0,0,0,22,14,7,0,0,0,40,0
"Alaska","Matanuska-Susitna ",2015,365,269,85,10,1,0,0,155,78,31,0,0,168,174,23
"Alaska","Yukon-Koyukuk ",2015,83,80,3,0,0,0,0,96,20,6,0,0,0,83,0
"Arizona","Apache",2015,361,361,0,0,0,0,0,46,21,11,0,0,0,74,287
"Arizona","Cochise",2015,365,272,93,0,0,0,0,90,64,44,0,0,303,45,17
"Arizona","Coconino",2015,365,258,103,4,0,0,0,108,74,44,0,0,357,8,0
"Arizona","Gila",2015,365,258,102,5,0,0,0,129,74,43,0,0,268,8,89
"Arizona","La Paz",2015,360,273,84,3,0,0,0,108,67,42,0,14,292,19,35
"Arizona","Maricopa",2015,365,62,267,36,0,0,0,147,100,66,0,12,203,125,25
"Arizona","Mohave",2015,364,350,14,0,0,0,0,62,34,17,0,0,0,74,290
"Arizona","Navajo",2015,365,316,49,0,0,0,0,100,54,39,0,0,319,13,33
"Arizona","Pima",2015,365,236,128,1,0,0,0,101,71,46,0,1,259,45,60
"Arizona","Pinal",2015,365,86,233,33,3,0,10,924,108,63,0,0,129,57,179
"Arizona","Santa Cruz",2015,365,261,101,3,0,0,0,135,65,38,0,0,0,341,24
"Arizona","Yavapai",2015,300,235,65,0,0,0,0,100,64,41,0,0,274,26,0
"Arizona","Yuma",2015,365,252,99,13,0,1,0,266,77,44,0,0,194,56,115
"Arkansas","Arkansas",2015,116,65,51,0,0,0,0,74,63,46,0,0,0,116,0
"Arkansas","Ashley",2015,116,78,38,0,0,0,0,76,61,42,0,0,0,116,0
"Arkansas","Clark",2015,320,305,15,0,0,0,0,87,45,33,0,0,320,0,0
"Arkansas","Crittenden",2015,365,283,81,1,0,0,0,101,61,37,0,22,265,78,0
"Arkansas","Garland",2015,120,77,43,0,0,0,0,75,61,46,0,0,0,120,0
"Arkansas","Jackson",2015,119,77,42,0,0,0,0,68,61,42,0,0,0,119,0
"Arkansas","Newton",2015,365,329,36,0,0,0,0,90,50,35,0,0,325,40,0
"Arkansas","Polk",2015,361,286,74,1,0,0,0,101,58,39,0,0,288,73,0
"Arkansas","Pulaski",2015,365,151,214,0,0,0,0,100,69,53,0,3,84,278,0
"Arkansas","Union",2015,119,73,46,0,0,0,0,77,60,43,0,0,0,119,0
"Arkansas","Washington",2015,365,313,52,0,0,0,0,90,54,38,0,0,299,66,0
"California","Alameda",2015,365,146,207,12,0,0,0,147,79,54,0,6,117,242,0
"California","Alpine",2015,31,1,14,13,3,0,0,177,149,102,0,0,0,31,0
"California","Amador",2015,364,283,73,8,0,0,0,140,67,41,0,0,364,0,0
"California","Butte",2015,365,138,214,12,1,0,0,153,84,55,0,0,198,166,1
"California","Calaveras",2015,365,216,127,18,1,1,2,390,90,47,0,0,250,115,0
"California","Colusa",2015,365,141,218,4,1,1,0,208,73,53,0,0,89,274,2
"California","Contra Costa",2015,365,193,164,8,0,0,0,147,70,48,0,0,138,227,0
"California","Del Norte",2015,114,101,13,0,0,0,0,72,51,20,0,0,0,114,0
"California","El Dorado",2015,365,238,103,22,2,0,0,166,93,44,0,0,347,8,10
"California","Fresno",2015,365,38,225,78,23,1,0,205,136,80,0,0,203,158,4
"California","Glenn",2015,365,221,144,0,0,0,0,93,68,46,0,0,206,148,11
"California","Humboldt",2015,365,241,124,0,0,0,0,91,59,40,0,0,145,216,4
"California","Imperial",2015,365,49,274,39,3,0,0,184,105,66,0,1,113,178,73
"California","Inyo",2015,365,191,153,12,6,0,3,1482,90,49,0,0,265,55,45
"California","Kern",2015,365,23,220,93,28,1,0,201,146,84,0,0,208,154,3
"California","Kings",2015,365,72,223,60,10,0,0,182,119,74,0,0,179,153,33
"California","Lake",2015,363,351,11,1,0,0,0,148,47,36,0,0,359,4,0
"California","Los Angeles",2015,365,3,230,95,36,1,0,203,151,80,0,16,167,180,2
"California","Madera",2015,365,78,240,43,4,0,0,156,105,64,0,0,193,158,14
"California","Marin",2015,365,226,137,2,0,0,0,103,64,43,1,12,128,224,0
"California","Mariposa",2015,365,220,134,6,4,1,0,240,84,47,0,0,289,67,9
"California","Mendocino",2015,365,213,148,2,2,0,0,164,61,46,0,0,64,301,0
"California","Merced",2015,365,107,213,41,4,0,0,159,105,61,0,0,188,177,0
"California","Mono",2015,365,318,28,2,4,1,12,4384,54,15,0,0,0,47,318
"California","Monterey",2015,365,285,79,1,0,0,0,120,54,41,0,1,169,183,12
"California","Napa",2015,365,158,206,1,0,0,0,108,72,53,1,1,104,257,2
"California","Nevada",2015,364,213,120,29,2,0,0,166,93,48,0,0,350,14,0
"California","Orange",2015,365,57,287,19,2,0,0,156,87,61,0,18,79,267,1
"California","Placer",2015,365,179,177,8,1,0,0,189,77,51,0,5,146,214,0
"California","Plumas",2015,132,52,66,10,4,0,0,159,102,56,0,0,0,132,0
"California","Riverside",2015,365,19,206,106,32,2,0,238,150,88,0,0,178,131,56
"California","Sacramento",2015,365,101,237,24,3,0,0,172,93,58,0,1,146,218,0
"California","San Benito",2015,365,303,62,0,0,0,0,93,58,40,0,0,314,50,1
"California","San Bernardino",2015,365,14,221,88,37,5,0,223,154,84,0,18,190,151,6
"California","San Diego",2015,365,46,278,40,1,0,0,156,102,65,0,1,160,202,2
"California","San Francisco",2015,365,246,119,0,0,0,0,100,61,39,0,41,134,190,0
"California","San Joaquin",2015,365,83,246,32,4,0,0,164,100,60,0,0,122,239,4
"California","San Luis Obispo",2015,365,95,265,5,0,0,0,126,80,58,0,0,129,229,7
"California","San Mateo",2015,365,297,67,1,0,0,0,101,56,35,1,22,198,144,0
"California","Santa Barbara",2015,365,168,196,1,0,0,0,101,69,51,0,3,160,200,2
"California","Santa Clara",2015,365,179,179,7,0,0,0,147,71,51,0,6,120,239,0
"California","Santa Cruz",2015,365,282,83,0,0,0,0,95,59,38,0,0,187,178,0
"California","Shasta",2015,365,252,100,12,1,0,0,157,84,44,0,0,351,14,0
"California","Siskiyou",2015,362,330,28,4,0,0,0,139,49,36,0,0,331,29,2
"California","Solano",2015,365,186,175,4,0,0,0,118,74,50,0,6,142,216,1
"California","Sonoma",2015,365,293,72,0,0,0,0,90,58,37,0,0,215,148,2
"California","Stanislaus",2015,365,92,225,43,5,0,0,187,112,62,0,0,164,194,7
"California","Sutter",2015,365,157,200,8,0,0,0,119,86,54,1,0,182,182,0
"California","Tehama",2015,365,223,123,18,1,0,0,154,87,47,0,0,304,59,2
"California","Trinity",2015,68,67,1,0,0,0,0,56,29,12,0,0,0,68,0
"California","Tulare",2015,365,29,238,78,20,0,0,176,143,80,0,0,191,171,3
"California","Tuolumne",2015,364,264,89,11,0,0,0,126,77,43,0,0,364,0,0
"California","Ventura",2015,365,119,233,13,0,0,0,126,85,56,0,2,162,198,3
"California","Yolo",2015,365,185,176,4,0,0,0,103,77,50,0,1,160,204,0
"Colorado","Adams",2015,365,266,96,3,0,0,0,115,64,45,1,129,205,12,18
"Colorado","Alamosa",2015,364,356,8,0,0,0,0,87,32,18,0,0,0,30,334
"Colorado","Arapahoe",2015,361,257,102,2,0,0,0,136,67,45,0,0,343,18,0
"Colorado","Archuleta",2015,348,342,6,0,0,0,0,74,30,17,0,0,0,0,348
"Colorado","Boulder",2015,365,253,105,7,0,0,0,129,71,44,0,0,327,37,1
"Colorado","Chaffee",2015,100,65,34,1,0,0,0,108,64,47,0,0,100,0,0
"Colorado","Clear Creek",2015,295,182,107,6,0,0,0,140,74,48,0,0,295,0,0
"Colorado","Delta",2015,114,113,1,0,0,0,0,51,27,16,0,0,0,0,114
"Colorado","Denver",2015,365,119,237,9,0,0,0,146,77,54,0,82,109,173,1
"Colorado","Douglas",2015,362,248,103,9,2,0,0,169,77,44,0,0,349,13,0
"Colorado","El Paso",2015,365,283,81,1,0,0,0,105,64,44,2,0,351,12,0
"Colorado","Fremont",2015,57,57,0,0,0,0,0,37,22,11,0,0,0,0,57
"Colorado","Garfield",2015,365,260,95,10,0,0,0,133,67,45,0,0,354,11,0
"Colorado","Grand",2015,64,59,5,0,0,0,0,58,48,38,0,0,64,0,0
"Colorado","Gunnison",2015,365,283,79,3,0,0,0,101,61,44,0,0,357,0,8
"Colorado","Jackson",2015,363,345,18,0,0,0,0,93,47,38,0,13,340,10,0
"Colorado","Jefferson",2015,365,244,104,15,2,0,0,164,84,45,0,0,365,0,0
"Colorado","La Plata",2015,365,271,92,2,0,0,0,108,64,43,0,2,361,2,0
"Colorado","Larimer",2015,365,177,171,16,1,0,0,165,80,51,0,0,302,63,0
"Colorado","Mesa",2015,365,225,137,3,0,0,0,105,70,48,0,0,264,101,0
"Colorado","Moffat",2015,141,137,4,0,0,0,0,77,46,36,0,0,141,0,0
"Colorado","Montezuma",2015,365,282,83,0,0,0,0,93,61,44,0,0,360,5,0
"Colorado","Park",2015,350,264,82,4,0,0,0,112,67,45,0,0,346,4,0
"Colorado","Pitkin",2015,124,121,3,0,0,0,0,60,33,12,0,0,0,47,77
"Colorado","Prowers",2015,351,339,9,1,0,2,0,299,34,14,0,0,0,0,351
"Colorado","Pueblo",2015,129,120,9,0,0,0,0,95,43,25,0,0,0,111,18
"Colorado","Rio Blanco",2015,365,249,116,0,0,0,0,100,58,46,0,0,200,165,0
"Colorado","Routt",2015,364,357,7,0,0,0,0,58,32,13,0,0,0,0,364
"Colorado","San Juan",2015,121,120,1,0,0,0,0,55,20,8,0,0,0,121,0
"Colorado","San Miguel",2015,236,188,47,1,0,0,0,105,58,44,0,0,173,0,63
"Colorado","Weld",2015,365,224,132,9,0,0,0,133,80,47,0,0,324,39,2
"Connecticut","Fairfield",2015,365,152,183,24,6,0,0,177,93,53,2,0,108,255,0
"Connecticut","Hartford",2015,365,167,190,8,0,0,0,147,75,52,0,15,84,266,0
"Connecticut","Litchfield",2015,365,279,79,7,0,0,0,147,64,42,0,3,247,114,1
"Connecticut","Middlesex",2015,183,134,37,12,0,0,0,147,90,43,0,0,183,0,0
"Connecticut","New Haven",2015,365,161,188,13,3,0,0,169,77,52,0,4,142,219,0
"Connecticut","New London",2015,359,265,82,11,1,0,0,151,61,40,0,0,151,208,0
"Connecticut","Tolland",2015,183,154,23,6,0,0,0,129,67,39,0,0,183,0,0
"Connecticut","Windham",2015,356,326,27,3,0,0,0,129,48,35,0,0,356,0,0
"Country Of Mexico","BAJA CALIFORNIA NORTE",2015,56,8,34,10,4,0,0,174,141,73,0,0,0,0,56
"Delaware","Kent",2015,365,245,120,0,0,0,0,100,64,44,0,0,201,164,0
"Delaware","New Castle",2015,365,170,185,9,1,0,0,172,84,52,0,5,169,191,0
"Delaware","Sussex",2015,365,231,131,3,0,0,0,115,67,45,0,0,229,136,0
"District Of Columbia","District of Columbia",2015,365,140,220,5,0,0,0,126,76,53,0,10,95,260,0
"Florida","Alachua",2015,365,291,74,0,0,0,0,74,55,39,0,0,119,246,0
"Florida","Baker",2015,364,356,8,0,0,0,0,77,44,32,0,0,364,0,0
"Florida","Bay",2015,365,254,111,0,0,0,0,84,57,43,0,0,110,255,0
"Florida","Brevard",2015,365,309,56,0,0,0,0,90,53,39,0,0,215,149,1
"Florida","Broward",2015,365,286,78,1,0,0,0,101,58,39,0,6,129,230,0
"Florida","Citrus",2015,135,115,20,0,0,0,0,69,52,32,0,0,0,135,0
"Florida","Collier",2015,363,279,84,0,0,0,0,77,58,39,0,0,115,248,0
"Florida","Columbia",2015,321,249,72,0,0,0,0,77,56,39,0,0,184,137,0
"Florida","Duval",2015,365,241,123,1,0,0,0,104,59,44,0,4,101,258,2
"Florida","Escambia",2015,365,212,153,0,0,0,0,100,61,46,0,0,122,243,0
"Florida","Flagler",2015,365,360,5,0,0,0,0,74,44,33,0,0,365,0,0
"Florida","Hamilton",2015,317,214,103,0,0,0,0,80,61,42,0,0,0,317,0
"Florida","Highlands",2015,356,345,11,0,0,0,0,80,44,31,0,0,356,0,0
"Florida","Hillsborough",2015,365,161,203,1,0,0,0,119,70,52,0,2,77,286,0
"Florida","Holmes",2015,361,235,126,0,0,0,0,77,56,43,0,0,95,266,0
"Florida","Indian River",2015,333,320,13,0,0,0,0,84,45,34,0,0,333,0,0
"Florida","Lake",2015,364,347,17,0,0,0,0,87,44,34,0,0,364,0,0
"Florida","Lee",2015,365,276,89,0,0,0,0,90,56,40,0,0,134,230,1
"Florida","Leon",2015,363,173,190,0,0,0,0,97,62,51,0,0,35,328,0
"Florida","Liberty",2015,352,345,7,0,0,0,0,61,41,31,0,0,352,0,0
"Florida","Manatee",2015,365,336,29,0,0,0,0,97,49,34,0,0,365,0,0
"Florida","Marion",2015,365,275,90,0,0,0,0,71,57,40,0,0,127,238,0
"Florida","Martin",2015,365,281,84,0,0,0,0,78,56,39,0,0,141,224,0
"Florida","Miami-Dade",2015,365,201,164,0,0,0,0,87,63,49,0,0,36,329,0
"Florida","Nassau",2015,344,238,106,0,0,0,0,71,57,43,0,0,0,344,0
"Florida","Okaloosa",2015,365,354,11,0,0,0,0,74,44,33,0,0,350,0,15
"Florida","Orange",2015,365,239,125,1,0,0,0,101,59,44,0,0,109,256,0
"Florida","Osceola",2015,357,345,12,0,0,0,0,87,44,32,0,0,357,0,0
"Florida","Palm Beach",2015,365,247,118,0,0,0,0,90,59,42,0,0,105,204,56
"Florida","Pasco",2015,365,343,22,0,0,0,0,90,47,37,0,0,365,0,0
"Florida","Pinellas",2015,365,254,111,0,0,0,0,78,58,43,0,0,109,255,1
"Florida","Polk",2015,365,248,116,1,0,0,0,105,58,44,0,0,91,274,0
"Florida","Putnam",2015,341,341,0,0,0,0,0,49,20,13,0,0,0,0,341
"Florida","Santa Rosa",2015,365,238,127,0,0,0,0,97,58,44,0,0,124,241,0
"Florida","Sarasota",2015,365,227,137,1,0,0,0,105,61,46,0,0,101,264,0
"Florida","Seminole",2015,361,334,27,0,0,0,0,80,48,35,0,0,318,33,10
"Florida","St. Lucie",2015,350,341,9,0,0,0,0,84,44,32,0,0,350,0,0
"Florida","Volusia",2015,365,295,70,0,0,0,0,83,55,40,0,0,163,202,0
"Florida","Wakulla",2015,357,247,110,0,0,0,0,95,59,42,3,0,100,254,0
"Georgia","Bibb",2015,365,192,173,0,0,0,0,87,63,48,0,0,58,307,0
"Georgia","Charlton",2015,119,107,12,0,0,0,0,63,51,32,0,0,0,119,0
"Georgia","Chatham",2015,365,238,127,0,0,0,0,77,60,44,0,0,51,314,0
"Georgia","Chattooga",2015,191,173,18,0,0,0,0,97,49,36,0,0,191,0,0
"Georgia","Clarke",2015,358,229,129,0,0,0,0,97,59,44,0,0,98,260,0
"Georgia","Clayton",2015,121,59,62,0,0,0,0,94,61,51,0,0,0,121,0
"Georgia","Cobb",2015,359,182,176,1,0,0,0,112,62,50,0,0,102,257,0
"Georgia","Coffee",2015,60,46,14,0,0,0,0,65,55,38,0,0,0,60,0
"Georgia","Columbia",2015,243,227,16,0,0,0,0,84,48,37,0,0,243,0,0
"Georgia","Coweta",2015,365,241,122,2,0,0,0,108,59,42,0,0,90,275,0
"Georgia","Dawson",2015,227,212,14,1,0,0,0,101,49,38,0,0,227,0,0
"Georgia","DeKalb",2015,365,111,250,4,0,0,0,150,72,56,0,13,40,312,0
"Georgia","Dougherty",2015,365,156,208,1,0,0,0,115,69,53,0,0,0,365,0
"Georgia","Douglas",2015,234,206,27,1,0,0,0,112,54,37,0,0,234,0,0
"Georgia","Floyd",2015,338,155,183,0,0,0,0,76,63,52,0,0,0,338,0
"Georgia","Fulton",2015,365,113,242,8,2,0,0,172,74,55,0,5,62,298,0
"Georgia","Glynn",2015,354,276,78,0,0,0,0,67,54,38,0,0,111,243,0
"Georgia","Gwinnett",2015,365,215,146,3,1,0,0,154,64,45,0,0,119,246,0
"Georgia","Hall",2015,264,81,183,0,0,0,0,95,69,55,0,0,0,264,0
"Georgia","Henry",2015,364,240,121,3,0,0,0,147,60,42,0,0,107,257,0
"Georgia","Houston",2015,363,202,161,0,0,0,0,96,60,47,0,0,0,363,0
"Georgia","Lowndes",2015,357,166,191,0,0,0,0,89,63,51,0,0,0,357,0
"Georgia","Murray",2015,280,246,33,0,0,1,0,233,52,38,0,0,216,64,0
"Georgia","Muscogee",2015,349,208,140,1,0,0,0,109,62,45,0,0,70,279,0
"Georgia","Paulding",2015,365,174,191,0,0,0,0,90,65,51,0,3,49,313,0
"Georgia","Pike",2015,355,319,33,2,1,0,0,161,51,35,0,0,355,0,0
"Georgia","Richmond",2015,364,212,152,0,0,0,0,87,61,46,0,0,79,285,0
"Georgia","Rockdale",2015,364,319,42,3,0,0,0,136,51,31,0,120,244,0,0
"Georgia","Sumter",2015,245,236,8,1,0,0,0,129,48,34,0,0,245,0,0
"Georgia","Walker",2015,359,172,187,0,0,0,0,82,62,51,0,0,0,359,0
"Georgia","Washington",2015,119,75,44,0,0,0,0,72,57,43,0,0,0,119,0
"Georgia","Wilkinson",2015,115,57,58,0,0,0,0,84,60,51,0,0,0,115,0
"Hawaii","Hawaii",2015,365,12,353,0,0,0,0,99,74,63,0,0,0,365,0
"Hawaii","Honolulu",2015,365,283,82,0,0,0,0,66,56,39,0,1,102,259,3
"Hawaii","Kauai",2015,362,348,14,0,0,0,0,59,41,17,0,113,0,249,0
"Hawaii","Maui",2015,365,310,55,0,0,0,0,77,53,33,0,0,0,365,0
"Idaho","Ada",2015,365,276,80,7,2,0,0,172,64,41,2,41,208,97,17
"Idaho","Bannock",2015,365,295,66,3,1,0,0,158,56,34,0,0,0,342,23
"Idaho","Benewah",2015,365,123,219,18,5,0,0,190,81,55,0,0,0,365,0
"Idaho","Blaine",2015,202,192,8,2,0,0,0,138,34,13,0,0,0,202,0
"Idaho","Boise",2015,275,194,76,5,0,0,0,128,63,38,0,0,0,275,0
"Idaho","Bonner",2015,365,293,60,9,3,0,0,162,63,28,0,0,0,247,118
"Idaho","Bonneville",2015,104,92,12,0,0,0,0,63,51,23,0,0,0,104,0
"Idaho","Butte",2015,360,325,34,0,1,0,0,159,50,40,0,0,354,6,0
"Idaho","Canyon",2015,364,262,92,8,2,0,0,156,62,34,0,0,0,295,69
"Idaho","Custer",2015,117,113,4,0,0,0,0,93,28,8,0,0,0,117,0
"Idaho","Franklin",2015,335,285,45,4,1,0,0,170,57,28,0,0,0,335,0
"Idaho","Idaho",2015,269,205,56,2,2,4,0,251,64,27,0,0,0,269,0
"Idaho","Jerome",2015,22,20,2,0,0,0,0,59,42,16,0,0,0,22,0
"Idaho","Kootenai",2015,324,226,92,3,3,0,0,172,70,40,0,0,0,324,0
"Idaho","Latah",2015,265,231,26,2,4,2,0,231,56,14,0,0,0,265,0
"Idaho","Lemhi",2015,355,176,154,17,5,3,0,267,91,51,0,0,0,355,0
"Idaho","Nez Perce",2015,271,216,41,7,5,1,1,354,59,25,0,0,0,271,0
"Idaho","Shoshone",2015,363,155,182,20,6,0,0,197,93,53,0,0,0,350,13
"Idaho","Twin Falls",2015,275,237,35,3,0,0,0,141,53,32,0,0,0,275,0
"Idaho","Valley",2015,247,214,28,2,3,0,0,154,53,18,0,0,0,247,0
"Illinois","Adams",2015,214,193,21,0,0,0,0,93,50,40,0,0,214,0,0
"Illinois","Champaign",2015,365,217,148,0,0,0,0,90,63,46,0,0,151,214,0
"Illinois","Clark",2015,210,182,28,0,0,0,0,87,61,39,0,0,210,0,0
"Illinois","Cook",2015,365,73,285,5,2,0,0,195,79,57,0,31,46,274,14
"Illinois","DuPage",2015,259,196,62,1,0,0,0,115,64,42,0,0,173,86,0
"Illinois","Effingham",2015,203,184,19,0,0,0,0,84,50,40,0,0,203,0,0
"Illinois","Hamilton",2015,261,203,57,1,0,0,0,105,61,41,0,0,181,80,0
"Illinois","Jersey",2015,240,190,49,1,0,0,0,112,60,41,0,0,161,79,0
"Illinois","Jo Daviess",2015,327,309,18,0,0,0,0,90,47,34,0,0,327,0,0
"Illinois","Kane",2015,363,289,73,1,0,0,0,124,60,36,0,0,273,90,0
"Illinois","Lake",2015,362,332,27,3,0,0,0,122,49,35,0,0,362,0,0
"Illinois","Macon",2015,365,228,137,0,0,0,0,100,64,44,0,0,163,202,0
"Illinois","Macoupin",2015,213,195,18,0,0,0,0,90,49,38,0,0,213,0,0
"Illinois","Madison",2015,365,194,165,6,0,0,0,115,71,48,0,0,184,180,1
"Illinois","McHenry",2015,364,173,189,2,0,0,0,103,67,51,0,0,103,261,0
"Illinois","McLean",2015,363,304,59,0,0,0,0,90,55,37,0,0,305,58,0
"Illinois","Peoria",2015,365,201,164,0,0,0,0,90,66,47,0,0,155,210,0
"Illinois","Randolph",2015,257,198,59,0,0,0,0,90,58,42,0,0,175,82,0
"Illinois","Rock Island",2015,365,308,56,1,0,0,0,105,55,36,0,0,299,66,0
"Illinois","Saint Clair",2015,365,205,158,2,0,0,0,117,62,48,0,19,129,217,0
"Illinois","Sangamon",2015,349,292,57,0,0,0,0,87,55,35,0,0,280,69,0
"Illinois","Will",2015,364,153,211,0,0,0,0,93,66,53,0,0,85,279,0
"Illinois","Winnebago",2015,362,300,61,1,0,0,0,108,58,36,0,0,295,67,0
"Indiana","Allen",2015,357,177,178,1,1,0,0,176,69,51,0,0,76,281,0
"Indiana","Bartholomew",2015,365,178,185,2,0,0,0,115,69,51,0,4,78,283,0
"Indiana","Boone",2015,176,144,32,0,0,0,0,97,61,42,0,0,176,0,0
"Indiana","Brown",2015,181,166,14,1,0,0,0,101,49,38,0,0,181,0,0
"Indiana","Carroll",2015,183,155,28,0,0,0,0,87,64,43,0,0,183,0,0
"Indiana","Clark",2015,364,160,200,3,1,0,0,164,70,52,0,0,87,277,0
"Indiana","Delaware",2015,236,185,50,1,0,0,0,105,59,38,0,0,144,92,0
"Indiana","Dubois",2015,122,65,57,0,0,0,0,79,64,47,0,0,0,118,4
"Indiana","Elkhart",2015,357,175,179,3,0,0,0,124,73,51,0,0,63,294,0
"Indiana","Floyd",2015,363,150,211,2,0,0,0,108,69,52,0,0,60,303,0
"Indiana","Greene",2015,243,168,73,2,0,0,0,115,64,44,0,0,153,90,0
"Indiana","Hamilton",2015,360,213,147,0,0,0,0,93,64,44,0,0,71,289,0
"Indiana","Hancock",2015,183,165,18,0,0,0,0,97,50,34,0,0,183,0,0
"Indiana","Hendricks",2015,183,179,4,0,0,0,0,61,45,35,0,0,183,0,0
"Indiana","Henry",2015,121,77,44,0,0,0,0,75,61,38,0,0,0,121,0
"Indiana","Howard",2015,346,101,244,1,0,0,0,101,71,58,0,0,0,346,0
"Indiana","Huntington",2015,178,175,3,0,0,0,0,71,40,31,0,0,178,0,0
"Indiana","Jackson",2015,167,141,25,1,0,0,0,101,58,41,0,0,167,0,0
"Indiana","Johnson",2015,179,158,21,0,0,0,0,90,51,39,0,0,179,0,0
"Indiana","Knox",2015,349,314,35,0,0,0,0,93,51,34,0,0,349,0,0
"Indiana","LaPorte",2015,243,177,63,3,0,0,0,126,67,42,0,0,157,86,0
"Indiana","Lake",2015,365,141,218,5,1,0,0,151,74,54,1,4,82,270,8
"Indiana","Madison",2015,363,202,161,0,0,0,0,89,65,45,0,0,58,305,0
"Indiana","Marion",2015,365,129,233,2,1,0,0,159,74,56,0,2,86,277,0
"Indiana","Monroe",2015,342,231,111,0,0,0,0,82,59,41,0,0,0,342,0
"Indiana","Montgomery",2015,118,32,86,0,0,0,0,83,68,55,0,0,0,118,0
"Indiana","Morgan",2015,181,161,20,0,0,0,0,80,54,39,0,0,181,0,0
"Indiana","Perry",2015,183,147,34,2,0,0,0,112,67,43,0,0,183,0,0
"Indiana","Porter",2015,365,206,155,3,1,0,0,168,68,47,0,0,101,240,24
"Indiana","Posey",2015,183,156,25,2,0,0,0,115,54,40,0,0,183,0,0
"Indiana","Shelby",2015,183,166,17,0,0,0,0,77,49,39,0,0,183,0,0
"Indiana","Spencer",2015,115,63,52,0,0,0,0,78,63,45,0,0,0,115,0
"Indiana","St. Joseph",2015,362,152,208,2,0,0,0,134,71,53,0,28,68,266,0
"Indiana","Tippecanoe",2015,328,161,167,0,0,0,0,99,64,51,0,0,0,328,0
"Indiana","Vanderburgh",2015,365,142,217,6,0,0,0,133,71,53,2,5,87,271,0
"Indiana","Vigo",2015,362,165,196,0,1,0,0,151,67,52,0,0,70,292,0
"Indiana","Wabash",2015,358,330,26,2,0,0,0,126,49,35,0,0,358,0,0
"Indiana","Warrick",2015,183,143,38,2,0,0,0,115,64,42,0,0,183,0,0
"Indiana","Whitley",2015,359,170,189,0,0,0,0,89,66,51,0,19,0,340,0
"Iowa","Black Hawk",2015,362,84,276,2,0,0,0,111,71,56,0,0,0,362,0
"Iowa","Bremer",2015,214,200,14,0,0,0,0,80,48,36,0,0,214,0,0
"Iowa","Cerro Gordo",2015,357,352,5,0,0,0,0,58,33,16,0,0,0,0,357
"Iowa","Clinton",2015,365,114,250,1,0,0,0,146,73,56,0,0,32,333,0
"Iowa","Delaware",2015,118,80,38,0,0,0,0,76,58,38,0,0,0,111,7
"Iowa","Harrison",2015,214,191,22,1,0,0,0,108,51,40,0,0,214,0,0
"Iowa","Johnson",2015,365,198,166,1,0,0,0,139,64,48,0,0,0,365,0
"Iowa","Lee",2015,118,81,37,0,0,0,0,84,58,44,0,0,0,118,0
"Iowa","Linn",2015,365,195,169,1,0,0,0,112,67,48,0,0,78,285,2
"Iowa","Montgomery",2015,365,231,134,0,0,0,0,97,61,44,0,0,103,262,0
"Iowa","Muscatine",2015,365,183,181,1,0,0,0,142,65,50,0,0,0,364,1
"Iowa","Palo Alto",2015,365,190,174,1,0,0,0,102,63,50,0,0,52,313,0
"Iowa","Polk",2015,365,252,113,0,0,0,0,99,61,44,0,8,89,267,1
"Iowa","Pottawattamie",2015,122,81,41,0,0,0,0,84,59,43,0,0,0,121,1
"Iowa","Scott",2015,365,65,298,1,1,0,0,153,77,61,0,0,25,270,70
"Iowa","Story",2015,213,202,11,0,0,0,0,77,48,36,0,0,213,0,0
"Iowa","Van Buren",2015,365,217,147,0,1,0,0,155,61,47,0,0,110,255,0
"Iowa","Warren",2015,214,204,10,0,0,0,0,80,46,35,0,0,214,0,0
"Iowa","Woodbury",2015,121,90,31,0,0,0,0,99,56,38,0,0,0,120,1
"Kansas","Chase",2015,119,97,22,0,0,0,0,85,55,26,0,0,0,119,0
"Kansas","Ford",2015,330,324,6,0,0,0,0,64,31,13,0,0,0,0,330
"Kansas","Johnson",2015,365,309,56,0,0,0,0,100,54,35,0,0,303,62,0
"Kansas","Leavenworth",2015,365,347,18,0,0,0,0,71,48,34,0,0,365,0,0
"Kansas","Neosho",2015,364,311,52,1,0,0,0,122,54,36,0,1,292,63,8
"Kansas","Sedgwick",2015,365,281,84,0,0,0,0,95,58,40,0,18,251,62,34
"Kansas","Shawnee",2015,365,312,52,1,0,0,0,108,54,37,0,0,296,57,12
"Kansas","Sherman",2015,59,58,1,0,0,0,0,73,36,18,0,0,0,0,59
"Kansas","Sumner",2015,365,299,66,0,0,0,0,100,58,38,0,0,326,39,0
"Kansas","Trego",2015,358,297,60,1,0,0,0,128,58,41,0,0,323,35,0
"Kansas","Wyandotte",2015,365,149,214,2,0,0,0,123,68,53,0,6,83,276,0
"Kentucky","Bell",2015,261,227,34,0,0,0,0,77,54,39,0,0,225,36,0
"Kentucky","Boone",2015,244,221,22,1,0,0,0,101,50,39,0,0,244,0,0
"Kentucky","Boyd",2015,365,195,167,3,0,0,0,108,67,49,0,12,75,276,2
"Kentucky","Bullitt",2015,242,215,25,2,0,0,0,108,54,39,0,0,242,0,0
"Kentucky","Campbell",2015,364,174,184,6,0,0,0,129,71,51,0,0,98,266,0
"Kentucky","Carter",2015,265,227,38,0,0,0,0,74,54,38,0,0,181,83,1
"Kentucky","Christian",2015,270,196,74,0,0,0,0,87,61,44,0,0,180,90,0
"Kentucky","Daviess",2015,365,170,192,3,0,0,0,113,70,52,0,4,62,299,0
"Kentucky","Edmonson",2015,365,321,44,0,0,0,0,90,54,37,7,0,310,48,0
"Kentucky","Fayette",2015,364,250,109,5,0,0,0,139,63,42,0,13,150,200,1
"Kentucky","Greenup",2015,242,222,20,0,0,0,0,100,49,38,0,0,242,0,0
"Kentucky","Hancock",2015,245,203,37,5,0,0,0,115,61,41,0,0,245,0,0
"Kentucky","Hardin",2015,365,175,189,1,0,0,0,105,66,51,0,0,70,295,0
"Kentucky","Henderson",2015,365,202,161,2,0,0,0,101,67,47,0,0,88,277,0
"Kentucky","Jefferson",2015,365,113,243,5,4,0,0,174,74,55,0,0,78,287,0
"Kentucky","Jessamine",2015,244,213,30,1,0,0,0,105,54,40,0,0,244,0,0
"Kentucky","Livingston",2015,260,227,32,1,0,0,0,105,54,40,0,0,242,0,18
"Kentucky","Madison",2015,112,80,32,0,0,0,0,74,58,39,0,0,0,112,0
"Kentucky","McCracken",2015,365,196,166,3,0,0,0,115,67,48,0,31,78,254,2
"Kentucky","Morgan",2015,362,331,31,0,0,0,0,87,49,37,0,0,362,0,0
"Kentucky","Oldham",2015,191,164,23,4,0,0,0,129,54,39,0,0,191,0,0
"Kentucky","Perry",2015,361,256,105,0,0,0,0,84,57,43,0,0,117,244,0
"Kentucky","Pike",2015,365,153,212,0,0,0,0,97,63,52,0,0,29,336,0
"Kentucky","Pulaski",2015,263,211,52,0,0,0,0,80,56,39,0,0,179,84,0
"Kentucky","Simpson",2015,208,179,28,1,0,0,0,101,51,39,0,0,208,0,0
"Kentucky","Trigg",2015,344,318,26,0,0,0,0,71,49,36,0,0,344,0,0
"Kentucky","Warren",2015,336,239,97,0,0,0,0,84,58,42,0,0,118,218,0
"Kentucky","Washington",2015,360,333,26,1,0,0,0,101,49,37,0,0,360,0,0
"Louisiana","Ascension",2015,363,326,32,5,0,0,0,140,51,34,0,9,354,0,0
"Louisiana","Bossier",2015,364,206,157,1,0,0,0,140,66,46,0,0,128,236,0
"Louisiana","Caddo",2015,364,270,94,0,0,0,0,93,62,39,0,0,261,103,0
"Louisiana","Calcasieu",2015,365,149,212,3,1,0,0,156,71,53,0,1,109,255,0
"Louisiana","East Baton Rouge",2015,365,89,266,8,2,0,0,156,77,56,0,0,65,300,0
"Louisiana","Iberville",2015,365,303,53,9,0,0,0,133,58,35,0,3,295,67,0
"Louisiana","Jefferson",2015,365,226,139,0,0,0,0,100,63,44,0,1,157,207,0
"Louisiana","Lafayette",2015,365,167,198,0,0,0,0,97,66,52,0,0,101,264,0
"Louisiana","Lafourche",2015,365,277,88,0,0,0,0,97,58,38,0,0,168,197,0
"Louisiana","Livingston",2015,365,146,217,2,0,0,0,112,67,53,0,0,97,268,0
"Louisiana","Orleans",2015,365,229,136,0,0,0,0,79,59,46,1,28,0,329,7
"Louisiana","Ouachita",2015,335,286,49,0,0,0,0,74,54,33,0,0,250,85,0
"Louisiana","Pointe Coupee",2015,364,337,25,2,0,0,0,122,48,32,0,0,364,0,0
"Louisiana","Rapides",2015,118,87,31,0,0,0,0,69,57,36,0,0,0,118,0
"Louisiana","St. Bernard",2015,365,164,201,0,0,0,0,94,69,52,0,0,80,285,0
"Louisiana","St. James",2015,345,325,18,2,0,0,0,115,46,31,0,0,345,0,0
"Louisiana","St. John the Baptist",2015,365,341,22,2,0,0,0,105,48,33,0,0,365,0,0
"Louisiana","St. Martin",2015,65,59,6,0,0,0,0,84,50,38,0,0,65,0,0
"Louisiana","St. Tammany",2015,365,249,116,0,0,0,0,100,60,43,0,0,157,208,0
"Louisiana","Tangipahoa",2015,114,84,30,0,0,0,0,98,57,39,0,0,0,114,0
"Louisiana","Terrebonne",2015,122,95,27,0,0,0,0,79,55,34,0,0,0,122,0
"Louisiana","West Baton Rouge",2015,365,215,147,3,0,0,0,143,61,46,0,4,80,281,0
"Maine","Androscoggin",2015,358,236,122,0,0,0,0,97,61,43,0,0,78,280,0
"Maine","Aroostook",2015,365,226,139,0,0,0,0,97,64,44,0,0,94,269,2
"Maine","Cumberland",2015,365,233,131,1,0,0,0,108,62,44,0,8,144,212,1
"Maine","Franklin",2015,49,48,1,0,0,0,0,51,26,11,0,0,0,49,0
"Maine","Hancock",2015,365,315,47,3,0,0,0,143,54,38,0,0,284,81,0
"Maine","Kennebec",2015,237,216,21,0,0,0,0,93,49,36,0,0,205,23,9
"Maine","Knox",2015,178,164,13,1,0,0,0,119,50,36,0,0,178,0,0
"Maine","Oxford",2015,340,249,91,0,0,0,0,90,61,39,0,0,138,202,0
"Maine","Penobscot",2015,364,254,110,0,0,0,0,100,59,42,0,0,157,207,0
"Maine","Sagadahoc",2015,203,198,5,0,0,0,0,74,46,35,0,0,203,0,0
"Maine","Washington",2015,356,340,16,0,0,0,0,90,45,33,0,0,340,16,0
"Maine","York",2015,214,194,17,3,0,0,0,136,50,40,0,0,214,0,0
"Maryland","Anne Arundel",2015,264,177,83,4,0,0,0,119,67,45,0,0,182,81,1
"Maryland","Baltimore",2015,365,242,110,13,0,0,0,143,77,43,0,54,235,76,0
"Maryland","Baltimore (City)",2015,365,159,200,6,0,0,0,140,76,53,0,18,84,263,0
"Maryland","Calvert",2015,206,145,61,0,0,0,0,93,71,44,0,0,206,0,0
"Maryland","Carroll",2015,213,162,49,2,0,0,0,115,67,43,0,0,213,0,0
"Maryland","Cecil",2015,358,180,173,4,1,0,0,187,75,50,0,0,120,238,0
"Maryland","Charles",2015,212,153,58,1,0,0,0,122,71,44,0,0,212,0,0
"Maryland","Dorchester",2015,365,233,131,1,0,0,0,105,67,45,0,0,211,154,0
"Maryland","Frederick",2015,209,160,48,1,0,0,0,119,67,44,0,0,209,0,0
"Maryland","Garrett",2015,365,261,104,0,0,0,0,100,58,43,0,0,259,106,0
"Maryland","Harford",2015,358,198,154,5,1,0,0,156,73,48,0,0,165,193,0
"Maryland","Howard",2015,365,231,134,0,0,0,0,93,65,41,1,121,0,243,0
"Maryland","Kent",2015,347,188,152,7,0,0,0,108,67,49,0,0,114,233,0
"Maryland","Montgomery",2015,345,160,180,5,0,0,0,143,71,52,0,0,103,242,0
"Maryland","Prince George's",2015,365,128,230,6,1,0,0,156,75,55,0,1,125,239,0
"Maryland","Washington",2015,345,166,178,1,0,0,0,101,71,51,0,0,105,240,0
"Massachusetts","Barnstable",2015,317,289,24,4,0,0,0,122,49,34,0,0,275,42,0
"Massachusetts","Berkshire",2015,360,215,145,0,0,0,0,95,61,45,0,0,0,360,0
"Massachusetts","Bristol",2015,365,260,100,5,0,0,0,122,61,39,0,0,192,173,0
"Massachusetts","Dukes",2015,260,235,23,2,0,0,0,112,50,32,0,0,193,67,0
"Massachusetts","Essex",2015,365,255,107,3,0,0,0,122,61,41,0,2,207,156,0
"Massachusetts","Franklin",2015,365,233,132,0,0,0,0,100,64,44,0,0,135,230,0
"Massachusetts","Hampden",2015,365,231,131,3,0,0,0,147,67,43,0,17,168,180,0
"Massachusetts","Hampshire",2015,361,295,62,4,0,0,0,108,58,37,0,5,273,83,0
"Massachusetts","Middlesex",2015,362,345,16,1,0,0,0,119,46,33,0,0,362,0,0
"Massachusetts","Norfolk",2015,365,287,76,1,1,0,0,156,57,40,0,0,244,121,0
"Massachusetts","Plymouth",2015,363,246,116,1,0,0,0,126,61,40,0,0,180,183,0
"Massachusetts","Suffolk",2015,365,141,223,1,0,0,0,126,64,53,0,11,18,336,0
"Massachusetts","Worcester",2015,365,266,99,0,0,0,0,93,61,40,0,20,190,155,0
"Michigan","Allegan",2015,243,169,70,4,0,0,0,147,71,42,0,0,165,78,0
"Michigan","Bay",2015,361,220,141,0,0,0,0,82,61,44,0,0,0,361,0
"Michigan","Benzie",2015,183,160,21,2,0,0,0,108,58,39,0,0,183,0,0
"Michigan","Berrien",2015,243,160,79,4,0,0,0,126,69,43,0,0,165,78,0
"Michigan","Cass",2015,180,141,37,2,0,0,0,126,71,44,0,0,180,0,0
"Michigan","Chippewa",2015,358,224,134,0,0,0,0,84,58,45,0,0,44,314,0
"Michigan","Clinton",2015,182,161,21,0,0,0,0,100,54,39,0,0,182,0,0
"Michigan","Genesee",2015,357,203,151,3,0,0,0,131,66,48,0,0,91,266,0
"Michigan","Huron",2015,182,162,18,2,0,0,0,129,51,39,0,0,182,0,0
"Michigan","Ingham",2015,364,214,148,2,0,0,0,107,63,47,0,0,100,264,0
"Michigan","Kalamazoo",2015,359,206,152,1,0,0,0,101,66,47,0,0,80,279,0
"Michigan","Kent",2015,365,202,160,2,1,0,0,154,67,47,0,0,121,244,0
"Michigan","Keweenaw",2015,118,111,7,0,0,0,0,63,38,17,0,0,0,118,0
"Michigan","Lenawee",2015,348,201,147,0,0,0,0,92,64,47,0,0,97,251,0
"Michigan","Macomb",2015,241,158,77,5,1,0,0,170,74,44,0,0,164,77,0
"Michigan","Manistee",2015,242,202,38,2,0,0,0,119,59,36,0,0,162,80,0
"Michigan","Mason",2015,183,159,23,1,0,0,0,105,54,39,0,0,183,0,0
"Michigan","Missaukee",2015,361,272,88,1,0,0,0,101,58,40,0,0,183,178,0
"Michigan","Monroe",2015,118,69,48,1,0,0,0,101,66,44,0,0,0,118,0
"Michigan","Muskegon",2015,176,139,31,5,1,0,0,159,71,42,0,0,176,0,0
"Michigan","Oakland",2015,237,165,68,4,0,0,0,142,67,44,0,0,145,92,0
"Michigan","Ottawa",2015,161,133,27,1,0,0,0,122,64,42,0,0,161,0,0
"Michigan","Schoolcraft",2015,364,311,50,3,0,0,0,133,54,35,0,0,134,230,0
"Michigan","St. Clair",2015,363,198,155,10,0,0,0,126,67,48,0,0,96,267,0
"Michigan","Tuscola",2015,340,321,19,0,0,0,0,100,48,34,0,0,340,0,0
"Michigan","Washtenaw",2015,365,190,175,0,0,0,0,99,67,49,0,0,121,244,0
"Michigan","Wayne",2015,365,88,270,7,0,0,0,133,80,57,0,2,48,295,20
"Michigan","Wexford",2015,356,334,20,2,0,0,0,112,47,35,0,0,356,0,0
"Minnesota","Anoka",2015,365,278,85,2,0,0,0,105,56,41,0,6,205,152,2
"Minnesota","Becker",2015,358,293,63,2,0,0,0,130,55,36,0,0,182,176,0
"Minnesota","Beltrami",2015,362,326,34,2,0,0,0,131,50,23,0,0,0,362,0
"Minnesota","Carlton",2015,275,238,36,1,0,0,0,101,53,37,0,0,157,118,0
"Minnesota","Cook",2015,258,248,10,0,0,0,0,91,44,26,0,0,0,258,0
"Minnesota","Crow Wing",2015,365,299,64,2,0,0,0,137,55,37,0,0,179,186,0
"Minnesota","Dakota",2015,365,264,100,1,0,0,0,137,57,39,0,29,0,336,0
"Minnesota","Goodhue",2015,214,202,12,0,0,0,0,87,48,37,0,0,214,0,0
"Minnesota","Hennepin",2015,365,155,207,3,0,0,0,119,66,52,0,3,39,228,95
"Minnesota","Lake",2015,365,332,32,1,0,0,0,110,50,32,0,0,144,187,34
"Minnesota","Lyon",2015,365,310,54,1,0,0,0,119,54,33,0,0,110,255,0
"Minnesota","Mille Lacs",2015,223,214,9,0,0,0,0,87,46,33,0,0,223,0,0
"Minnesota","Olmsted",2015,365,274,90,1,0,0,0,116,58,41,0,0,137,228,0
"Minnesota","Ramsey",2015,365,215,148,2,0,0,0,134,61,44,0,0,0,339,26
"Minnesota","Rock",2015,119,100,19,0,0,0,0,85,52,29,0,0,0,119,0
"Minnesota","Saint Louis",2015,365,289,75,1,0,0,0,104,56,40,0,0,160,200,5
"Minnesota","Scott",2015,364,331,33,0,0,0,0,90,50,34,0,0,305,59,0
"Minnesota","Stearns",2015,355,306,48,0,1,0,0,151,53,37,0,0,168,187,0
"Minnesota","Washington",2015,365,203,160,2,0,0,0,122,62,46,0,0,84,272,9
"Minnesota","Winona",2015,120,108,12,0,0,0,0,76,52,24,0,0,0,120,0
"Minnesota","Wright",2015,357,301,56,0,0,0,0,94,55,37,0,0,165,192,0
"Mississippi","Bolivar",2015,245,226,19,0,0,0,0,90,49,38,0,0,245,0,0
"Mississippi","DeSoto",2015,365,216,149,0,0,0,0,88,61,47,0,0,62,303,0
"Mississippi","Forrest",2015,354,177,177,0,0,0,0,78,59,51,0,0,0,354,0
"Mississippi","Grenada",2015,116,97,19,0,0,0,0,69,54,34,0,0,0,116,0
"Mississippi","Hancock",2015,276,212,64,0,0,0,0,85,58,38,0,0,176,100,0
"Mississippi","Harrison",2015,363,223,138,2,0,0,0,115,63,44,0,0,82,281,0
"Mississippi","Hinds",2015,365,131,234,0,0,0,0,100,70,54,0,1,54,310,0
"Mississippi","Jackson",2015,363,291,72,0,0,0,0,93,58,36,0,82,184,97,0
"Mississippi","Lauderdale",2015,241,236,5,0,0,0,0,77,44,32,0,0,241,0,0
"Mississippi","Lee",2015,235,228,7,0,0,0,0,74,47,35,0,0,235,0,0
"Mississippi","Yalobusha",2015,329,325,4,0,0,0,0,97,43,33,0,0,329,0,0
"Missouri","Andrew",2015,213,184,29,0,0,0,0,87,54,40,0,0,213,0,0
"Missouri","Boone",2015,214,197,17,0,0,0,0,90,49,38,0,0,214,0,0
"Missouri","Buchanan",2015,364,179,185,0,0,0,0,99,64,51,0,0,0,359,5
"Missouri","Callaway",2015,214,186,28,0,0,0,0,97,51,41,0,0,214,0,0
"Missouri","Cass",2015,336,206,129,1,0,0,0,103,64,45,0,0,137,199,0
"Missouri","Cedar",2015,352,247,105,0,0,0,0,88,59,40,0,0,108,244,0
"Missouri","Clay",2015,362,217,141,4,0,0,0,115,64,46,0,0,134,228,0
"Missouri","Clinton",2015,214,167,45,2,0,0,0,101,71,42,0,0,214,0,0
"Missouri","Greene",2015,358,234,124,0,0,0,0,80,61,43,0,0,120,227,11
"Missouri","Jackson",2015,365,200,163,2,0,0,0,117,63,47,0,32,0,273,60
"Missouri","Jasper",2015,365,307,58,0,0,0,0,98,56,35,0,0,176,0,189
"Missouri","Jefferson",2015,365,142,220,3,0,0,0,136,70,53,0,0,71,294,0
"Missouri","Lincoln",2015,214,188,26,0,0,0,0,97,54,39,0,0,214,0,0
"Missouri","Monroe",2015,365,355,10,0,0,0,0,80,44,31,0,0,355,0,10
"Missouri","Perry",2015,214,178,35,1,0,0,0,129,61,41,0,0,214,0,0
"Missouri","Saint Charles",2015,214,174,37,3,0,0,0,126,74,42,0,0,214,0,0
"Missouri","Saint Louis",2015,365,172,188,5,0,0,0,119,68,52,0,23,90,251,1
"Missouri","Sainte Genevieve",2015,220,190,30,0,0,0,0,93,54,39,0,0,214,6,0
"Missouri","St. Louis City",2015,365,122,237,4,2,0,0,155,72,55,0,17,20,318,10
"Missouri","Stoddard",2015,119,87,32,0,0,0,0,76,56,37,0,0,0,119,0
"Missouri","Taney",2015,263,236,27,0,0,0,0,79,51,34,0,0,180,83,0
"Montana","Cascade",2015,347,271,67,3,6,0,0,170,59,35,0,0,0,347,0
"Montana","Fergus",2015,365,328,28,5,4,0,0,167,52,37,0,0,292,73,0
"Montana","Flathead",2015,365,216,137,3,9,0,0,190,74,44,0,0,138,190,37
"Montana","Gallatin",2015,365,284,77,3,1,0,0,183,60,29,10,20,0,335,0
"Montana","Lake",2015,120,110,8,1,1,0,0,172,48,12,0,0,0,120,0
"Montana","Lewis and Clark",2015,365,254,98,8,5,0,0,178,69,44,0,0,196,169,0
"Montana","Lincoln",2015,365,168,176,8,12,1,0,240,85,52,0,0,0,358,7
"Montana","Missoula",2015,365,126,216,14,7,2,0,209,92,56,0,0,46,318,1
"Montana","Phillips",2015,364,317,39,4,3,1,0,209,52,36,0,0,237,126,1
"Montana","Powder River",2015,358,274,78,5,1,0,0,170,61,40,0,0,203,122,33
"Montana","Powell",2015,120,111,7,0,2,0,0,178,41,11,0,0,0,120,0
"Montana","Ravalli",2015,351,268,62,8,9,4,0,272,71,28,0,0,0,351,0
"Montana","Richland",2015,364,298,60,3,3,0,0,181,57,39,0,0,250,101,13
"Montana","Roosevelt",2015,102,95,3,3,1,0,0,153,43,14,0,0,0,102,0
"Montana","Rosebud",2015,365,274,82,8,1,0,0,156,62,40,0,9,215,104,37
"Montana","Sanders",2015,362,336,23,3,0,0,0,150,39,17,0,0,0,57,305
"Montana","Sheridan",2015,115,109,3,2,1,0,0,155,38,16,0,0,0,115,0
"Montana","Silver Bow",2015,365,239,116,4,6,0,0,175,69,39,0,0,0,329,36
"Montana","Yellowstone",2015,325,260,64,1,0,0,0,122,54,37,0,0,0,325,0
"Nebraska","Cass",2015,353,309,43,1,0,0,0,106,54,24,0,0,0,0,353
"Nebraska","Dawson",2015,59,57,2,0,0,0,0,62,39,18,0,0,0,0,59
"Nebraska","Douglas",2015,365,198,165,2,0,0,0,122,63,48,0,0,95,265,5
"Nebraska","Garden",2015,119,113,6,0,0,0,0,75,31,16,0,0,0,119,0
"Nebraska","Hall",2015,115,98,17,0,0,0,0,83,53,32,0,0,0,115,0
"Nebraska","Knox",2015,348,322,26,0,0,0,0,87,48,36,0,0,348,0,0
"Nebraska","Lancaster",2015,261,220,41,0,0,0,0,80,52,40,0,0,184,77,0
"Nebraska","Sarpy",2015,347,210,137,0,0,0,0,95,59,44,0,0,0,347,0
"Nebraska","Scotts Bluff",2015,98,87,11,0,0,0,0,81,53,28,0,0,0,98,0
"Nebraska","Thomas",2015,118,112,6,0,0,0,0,73,39,19,0,0,0,118,0
"Nebraska","Washington",2015,116,94,22,0,0,0,0,79,54,33,0,0,0,116,0
"Nevada","Carson City",2015,365,268,96,1,0,0,0,144,71,44,0,0,236,129,0
"Nevada","Churchill",2015,261,209,50,2,0,0,0,133,61,44,0,0,261,0,0
"Nevada","Clark",2015,365,90,252,22,1,0,0,151,94,61,0,6,200,155,4
"Nevada","Douglas",2015,314,209,98,5,2,0,0,178,69,41,0,0,0,314,0
"Nevada","Elko",2015,359,314,45,0,0,0,0,97,54,30,0,0,112,16,231
"Nevada","Lyon",2015,275,207,64,4,0,0,0,108,71,45,0,0,275,0,0
"Nevada","Nye",2015,365,357,7,0,1,0,0,165,30,16,0,0,0,0,365
"Nevada","Washoe",2015,365,165,188,12,0,0,0,115,80,52,0,2,218,132,13
"Nevada","White Pine",2015,358,294,62,2,0,0,0,115,61,42,0,0,349,9,0
"New Hampshire","Belknap",2015,213,201,12,0,0,0,0,90,46,33,0,0,177,36,0
"New Hampshire","Cheshire",2015,365,224,140,0,1,0,0,155,65,44,0,0,143,222,0
"New Hampshire","Coos",2015,354,285,62,7,0,0,0,140,58,45,0,0,344,10,0
"New Hampshire","Grafton",2015,365,282,83,0,0,0,0,90,58,39,0,0,182,183,0
"New Hampshire","Hillsborough",2015,365,289,74,2,0,0,0,129,56,41,0,0,242,123,0
"New Hampshire","Merrimack",2015,362,354,7,1,0,0,0,105,45,33,0,0,362,0,0
"New Hampshire","Rockingham",2015,365,202,161,2,0,0,0,126,64,47,0,0,136,229,0
"New Jersey","Atlantic",2015,360,301,57,2,0,0,0,122,58,38,0,0,301,59,0
"New Jersey","Bergen",2015,365,144,209,12,0,0,0,133,77,54,0,41,64,260,0
"New Jersey","Camden",2015,365,170,181,13,1,0,0,161,84,52,0,24,147,187,7
"New Jersey","Cumberland",2015,362,317,43,2,0,0,0,108,54,33,0,0,362,0,0
"New Jersey","Essex",2015,365,283,77,5,0,0,0,112,65,39,0,144,164,57,0
"New Jersey","Gloucester",2015,272,182,85,5,0,0,0,133,74,43,0,0,210,62,0
"New Jersey","Hudson",2015,365,195,153,16,1,0,0,166,80,47,0,42,127,196,0
"New Jersey","Hunterdon",2015,363,280,79,4,0,0,0,115,61,39,0,0,266,97,0
"New Jersey","Mercer",2015,365,210,145,10,0,0,0,147,77,46,0,0,201,164,0
"New Jersey","Middlesex",2015,319,246,64,9,0,0,0,136,67,37,0,69,194,56,0
"New Jersey","Monmouth",2015,236,189,41,5,1,0,0,154,74,41,0,0,236,0,0
"New Jersey","Morris",2015,365,304,58,3,0,0,0,108,58,37,0,11,313,41,0
"New Jersey","Ocean",2015,356,238,108,9,1,0,0,161,74,43,0,0,186,170,0
"New Jersey","Passaic",2015,279,205,67,7,0,0,0,147,69,41,0,0,212,67,0
"New Jersey","Union",2015,365,146,217,2,0,0,0,107,69,53,0,43,0,322,0
"New Jersey","Warren",2015,363,298,64,1,0,0,0,115,58,35,0,88,203,72,0
"New Mexico","Bernalillo",2015,365,166,195,4,0,0,0,108,74,51,0,0,236,95,34
"New Mexico","Catron",2015,112,111,1,0,0,0,0,74,23,13,0,0,0,112,0
"New Mexico","Chaves",2015,114,107,7,0,0,0,0,72,48,23,0,0,0,114,0
"New Mexico","Dona Ana",2015,365,109,244,11,1,0,0,157,82,55,0,1,156,168,40
"New Mexico","Eddy",2015,356,262,94,0,0,0,0,97,67,43,0,3,353,0,0
"New Mexico","Lea",2015,361,278,82,0,1,0,0,159,64,41,0,3,316,42,0
"New Mexico","Lincoln",2015,114,112,2,0,0,0,0,58,31,14,0,0,0,114,0
"New Mexico","Los Alamos",2015,114,114,0,0,0,0,0,44,26,13,0,0,0,114,0
"New Mexico","Luna",2015,355,351,4,0,0,0,0,75,27,16,0,53,0,0,302
"New Mexico","Rio Arriba",2015,361,299,62,0,0,0,0,90,58,42,0,0,359,2,0
"New Mexico","San Juan",2015,365,263,100,2,0,0,0,115,67,44,0,23,337,5,0
"New Mexico","Sandoval",2015,357,293,64,0,0,0,0,97,58,41,0,0,357,0,0
"New Mexico","Santa Fe",2015,365,308,57,0,0,0,0,80,58,42,0,0,360,5,0
"New Mexico","Socorro",2015,107,105,2,0,0,0,0,62,31,16,0,0,0,107,0
"New Mexico","Taos",2015,363,358,5,0,0,0,0,67,33,17,0,0,0,363,0
"New Mexico","Valencia",2015,356,291,65,0,0,0,0,93,58,43,0,0,356,0,0
"New York","Albany",2015,365,251,113,1,0,0,0,107,60,41,1,0,182,182,0
"New York","Bronx",2015,365,177,182,6,0,0,0,136,73,51,0,49,125,191,0
"New York","Chautauqua",2015,362,290,67,5,0,0,0,126,61,39,0,0,317,45,0
"New York","Dutchess",2015,358,337,19,2,0,0,0,133,46,33,0,0,358,0,0
"New York","Erie",2015,365,156,205,4,0,0,0,119,68,52,0,9,88,268,0
"New York","Essex",2015,365,323,42,0,0,0,0,100,52,40,0,0,312,53,0
"New York","Franklin",2015,334,318,12,4,0,0,0,119,45,26,0,134,200,0,0
"New York","Hamilton",2015,359,342,17,0,0,0,0,90,46,33,0,0,359,0,0
"New York","Herkimer",2015,360,351,9,0,0,0,0,84,44,33,0,0,360,0,0
"New York","Jefferson",2015,364,345,19,0,0,0,0,90,47,32,0,0,364,0,0
"New York","Kings",2015,365,226,139,0,0,0,0,88,61,42,0,0,0,365,0
"New York","Monroe",2015,365,236,129,0,0,0,0,93,63,43,0,5,109,251,0
"New York","Nassau",2015,362,256,106,0,0,0,0,80,59,34,0,0,0,362,0
"New York","New York",2015,365,156,205,4,0,0,0,122,72,54,0,0,91,274,0
"New York","Niagara",2015,222,202,19,1,0,0,0,101,50,36,0,0,222,0,0
"New York","Oneida",2015,365,263,102,0,0,0,0,74,59,36,0,0,0,365,0
"New York","Onondaga",2015,364,273,91,0,0,0,0,93,60,37,0,0,219,145,0
"New York","Orange",2015,365,256,105,4,0,0,0,147,61,41,0,0,181,184,0
"New York","Oswego",2015,286,277,8,1,0,0,0,115,44,32,0,0,286,0,0
"New York","Putnam",2015,362,335,25,2,0,0,0,140,47,33,0,0,362,0,0
"New York","Queens",2015,365,201,159,5,0,0,0,136,71,48,0,42,130,193,0
"New York","Richmond",2015,365,179,176,10,0,0,0,150,76,51,0,0,146,219,0
"New York","Rockland",2015,365,249,111,5,0,0,0,143,64,42,0,0,211,154,0
"New York","Saratoga",2015,359,342,16,1,0,0,0,105,46,32,0,0,359,0,0
"New York","Steuben",2015,358,290,68,0,0,0,0,80,56,36,3,0,201,154,0
"New York","Suffolk",2015,365,241,110,14,0,0,0,150,69,44,0,0,227,138,0
"New York","Tompkins",2015,351,332,19,0,0,0,0,93,48,35,0,0,351,0,0
"New York","Wayne",2015,304,293,11,0,0,0,0,93,44,31,0,0,304,0,0
"New York","Westchester",2015,365,231,125,9,0,0,0,140,64,43,0,0,190,175,0
"North Carolina","Alamance",2015,153,103,50,0,0,0,0,67,56,42,0,0,0,153,0
"North Carolina","Alexander",2015,209,173,36,0,0,0,0,90,61,43,0,0,209,0,0
"North Carolina","Avery",2015,353,306,47,0,0,0,0,90,54,41,0,0,325,28,0
"North Carolina","Buncombe",2015,363,256,107,0,0,0,0,87,58,41,0,0,119,244,0
"North Carolina","Caldwell",2015,207,173,34,0,0,0,0,97,61,42,0,0,207,0,0
"North Carolina","Carteret",2015,318,300,18,0,0,0,0,71,46,37,0,0,318,0,0
"North Carolina","Caswell",2015,358,212,146,0,0,0,0,87,60,47,0,0,109,249,0
"North Carolina","Catawba",2015,347,167,180,0,0,0,0,84,64,52,0,0,0,347,0
"North Carolina","Chatham",2015,212,197,15,0,0,0,0,64,49,38,0,0,212,0,0
"North Carolina","Cumberland",2015,305,205,100,0,0,0,0,93,61,45,0,0,129,176,0
"North Carolina","Davidson",2015,352,125,227,0,0,0,0,85,66,54,0,0,0,352,0
"North Carolina","Duplin",2015,326,267,59,0,0,0,0,70,55,34,0,0,0,326,0
"North Carolina","Durham",2015,359,202,157,0,0,0,0,87,64,48,0,0,111,247,1
"North Carolina","Edgecombe",2015,347,249,98,0,0,0,0,77,57,43,0,0,94,253,0
"North Carolina","Forsyth",2015,365,193,169,3,0,0,0,126,71,49,0,7,122,236,0
"North Carolina","Franklin",2015,211,171,40,0,0,0,0,93,58,43,0,0,211,0,0
"North Carolina","Gaston",2015,36,29,7,0,0,0,0,65,55,38,0,0,0,36,0
"North Carolina","Graham",2015,201,162,39,0,0,0,0,97,61,43,0,0,201,0,0
"North Carolina","Granville",2015,215,168,47,0,0,0,0,87,64,44,0,0,215,0,0
"North Carolina","Guilford",2015,364,216,147,1,0,0,0,112,61,46,0,0,123,241,0
"North Carolina","Haywood",2015,266,183,82,1,0,0,0,101,67,45,0,0,192,74,0
"North Carolina","Hyde",2015,111,98,13,0,0,0,0,66,52,28,0,0,0,111,0
"North Carolina","Jackson",2015,257,185,72,0,0,0,0,100,62,44,0,0,189,68,0
"North Carolina","Johnston",2015,262,211,51,0,0,0,0,93,57,41,0,0,188,74,0
"North Carolina","Lee",2015,364,179,185,0,0,0,0,94,64,51,0,0,146,218,0
"North Carolina","Lenoir",2015,209,185,24,0,0,0,0,80,51,41,0,0,209,0,0
"North Carolina","Lincoln",2015,208,158,49,1,0,0,0,112,67,44,0,0,208,0,0
"North Carolina","Macon",2015,352,335,17,0,0,0,0,80,45,32,0,0,352,0,0
"North Carolina","Martin",2015,351,252,99,0,0,0,0,71,57,44,0,0,138,213,0
"North Carolina","McDowell",2015,337,220,117,0,0,0,0,89,57,41,0,0,0,337,0
"North Carolina","Mecklenburg",2015,365,173,183,9,0,0,0,129,71,52,0,4,142,219,0
"North Carolina","Mitchell",2015,120,88,32,0,0,0,0,63,56,39,0,0,0,120,0
"North Carolina","Montgomery",2015,362,235,127,0,0,0,0,80,58,45,0,0,175,187,0
"North Carolina","New Hanover",2015,354,288,66,0,0,0,0,71,54,38,0,0,140,214,0
"North Carolina","Person",2015,215,170,45,0,0,0,0,77,58,42,0,0,215,0,0
"North Carolina","Pitt",2015,258,212,46,0,0,0,0,80,54,41,0,0,173,85,0
"North Carolina","Rockingham",2015,214,164,49,1,0,0,0,112,64,44,0,0,214,0,0
"North Carolina","Rowan",2015,358,166,191,1,0,0,0,122,67,52,0,0,146,212,0
"North Carolina","Swain",2015,360,244,116,0,0,0,0,87,60,42,0,0,132,228,0
"North Carolina","Union",2015,209,153,55,1,0,0,0,101,71,44,0,0,209,0,0
"North Carolina","Wake",2015,365,142,220,3,0,0,0,105,66,52,0,2,110,253,0
"North Carolina","Watauga",2015,226,188,38,0,0,0,0,85,55,30,0,0,0,226,0
"North Carolina","Wayne",2015,197,63,134,0,0,0,0,87,69,53,0,0,0,197,0
"North Carolina","Yancey",2015,192,136,56,0,0,0,0,97,67,45,0,0,192,0,0
"North Dakota","Billings",2015,365,303,58,3,1,0,0,154,55,37,0,0,279,86,0
"North Dakota","Burke",2015,364,290,64,6,4,0,0,189,55,39,0,1,216,146,1
"North Dakota","Burleigh",2015,365,301,58,5,1,0,0,156,56,37,0,13,232,120,0
"North Dakota","Cass",2015,365,235,127,3,0,0,0,140,58,46,0,3,102,240,20
"North Dakota","Dunn",2015,365,295,59,10,1,0,0,153,61,38,0,0,247,118,0
"North Dakota","McKenzie",2015,364,315,43,4,2,0,0,161,54,35,0,2,312,47,3
"North Dakota","Mercer",2015,365,297,62,4,2,0,0,152,56,37,0,1,247,117,0
"North Dakota","Oliver",2015,365,305,53,6,1,0,0,153,58,37,0,0,286,77,2
"North Dakota","Stutsman",2015,361,347,14,0,0,0,0,85,34,13,0,0,0,0,361
"North Dakota","Williams",2015,364,307,49,5,3,0,0,182,56,36,0,0,223,105,36
"Ohio","Adams",2015,353,292,61,0,0,0,0,73,54,32,0,0,0,353,0
"Ohio","Allen",2015,365,288,76,1,0,0,0,105,58,38,0,0,156,209,0
"Ohio","Ashtabula",2015,210,168,39,3,0,0,0,143,67,41,0,0,210,0,0
"Ohio","Athens",2015,57,36,21,0,0,0,0,71,59,38,0,0,0,57,0
"Ohio","Belmont",2015,184,162,22,0,0,0,0,79,52,17,0,126,0,58,0
"Ohio","Butler",2015,360,237,120,3,0,0,0,112,73,44,0,0,263,93,4
"Ohio","Clark",2015,365,183,175,7,0,0,0,133,71,50,0,0,97,268,0
"Ohio","Clermont",2015,357,163,191,3,0,0,0,136,71,52,0,0,74,283,0
"Ohio","Clinton",2015,214,182,29,3,0,0,0,119,61,41,0,0,214,0,0
"Ohio","Columbiana",2015,60,60,0,0,0,0,0,50,30,18,0,0,0,0,60
"Ohio","Cuyahoga",2015,365,182,178,5,0,0,0,112,74,51,4,39,124,157,41
"Ohio","Delaware",2015,214,187,26,1,0,0,0,108,54,39,0,0,214,0,0
"Ohio","Fayette",2015,327,294,30,3,0,0,0,115,51,37,0,0,327,0,0
"Ohio","Franklin",2015,365,166,194,5,0,0,0,112,70,52,0,17,98,250,0
"Ohio","Geauga",2015,214,164,43,7,0,0,0,133,84,44,0,0,214,0,0
"Ohio","Greene",2015,365,213,148,4,0,0,0,105,65,46,0,0,120,245,0
"Ohio","Hamilton",2015,365,119,240,5,1,0,0,151,77,55,0,19,76,270,0
"Ohio","Jefferson",2015,354,98,252,4,0,0,0,117,76,58,0,0,57,297,0
"Ohio","Knox",2015,210,178,28,4,0,0,0,119,61,40,0,0,210,0,0
"Ohio","Lake",2015,365,181,176,8,0,0,0,126,71,51,0,0,104,261,0
"Ohio","Lawrence",2015,365,187,175,3,0,0,0,112,67,50,0,0,83,282,0
"Ohio","Licking",2015,213,177,34,2,0,0,0,108,58,42,0,0,213,0,0
"Ohio","Lorain",2015,364,288,76,0,0,0,0,93,58,37,0,0,148,216,0
"Ohio","Lucas",2015,365,200,164,1,0,0,0,113,68,48,0,0,89,276,0
"Ohio","Madison",2015,214,172,41,1,0,0,0,108,64,42,0,0,214,0,0
"Ohio","Mahoning",2015,363,192,170,1,0,0,0,112,71,49,0,0,86,277,0
"Ohio","Medina",2015,354,129,225,0,0,0,0,97,70,54,0,0,46,308,0
"Ohio","Miami",2015,213,177,34,2,0,0,0,105,61,42,0,0,213,0,0
"Ohio","Montgomery",2015,365,195,167,3,0,0,0,108,67,48,1,0,118,246,0
"Ohio","Noble",2015,360,296,63,1,0,0,0,112,58,38,0,0,313,47,0
"Ohio","Portage",2015,260,211,49,0,0,0,0,93,60,38,0,0,173,87,0
"Ohio","Preble",2015,365,233,131,1,0,0,0,105,64,44,0,0,187,178,0
"Ohio","Scioto",2015,365,319,46,0,0,0,0,93,53,16,0,0,0,115,250
"Ohio","Stark",2015,365,207,151,7,0,0,0,108,67,46,1,0,91,273,0
"Ohio","Summit",2015,365,96,268,1,0,0,0,135,78,57,3,0,20,342,0
"Ohio","Trumbull",2015,293,213,77,3,0,0,0,112,64,42,0,0,202,82,9
"Ohio","Warren",2015,344,200,140,4,0,0,0,129,68,47,0,0,139,205,0
"Ohio","Washington",2015,214,181,32,1,0,0,0,115,61,40,0,0,214,0,0
"Ohio","Wood",2015,212,188,24,0,0,0,0,77,51,41,0,0,212,0,0
"Oklahoma","Adair",2015,365,240,125,0,0,0,0,93,61,44,0,0,165,200,0
"Oklahoma","Caddo",2015,266,257,9,0,0,0,0,74,46,31,0,0,266,0,0
"Oklahoma","Canadian",2015,358,305,53,0,0,0,0,90,58,37,0,26,332,0,0
"Oklahoma","Cherokee",2015,278,256,22,0,0,0,0,93,48,37,0,0,278,0,0
"Oklahoma","Cleveland",2015,364,220,144,0,0,0,0,87,64,45,0,0,187,177,0
"Oklahoma","Comanche",2015,364,247,117,0,0,0,0,97,61,44,0,0,191,173,0
"Oklahoma","Cotton",2015,266,229,37,0,0,0,0,90,58,39,0,0,266,0,0
"Oklahoma","Creek",2015,349,322,27,0,0,0,0,100,49,36,0,0,349,0,0
"Oklahoma","Custer",2015,135,135,0,0,0,0,0,38,28,15,0,0,0,0,135
"Oklahoma","Dewey",2015,348,256,92,0,0,0,0,96,61,42,0,0,249,99,0
"Oklahoma","Ellis",2015,86,75,11,0,0,0,0,94,52,31,0,0,0,86,0
"Oklahoma","Johnston",2015,84,75,8,1,0,0,0,108,51,41,0,0,84,0,0
"Oklahoma","Kay",2015,362,139,222,1,0,0,0,107,62,53,0,0,58,304,0
"Oklahoma","Lincoln",2015,293,210,83,0,0,0,0,87,62,41,0,0,193,87,13
"Oklahoma","Love",2015,283,215,67,0,1,0,0,152,57,34,0,0,0,283,0
"Oklahoma","Mayes",2015,284,262,21,1,0,0,0,108,50,38,0,0,284,0,0
"Oklahoma","McClain",2015,359,322,37,0,0,0,0,87,51,36,0,0,359,0,0
"Oklahoma","Muskogee",2015,304,294,10,0,0,0,0,87,38,19,0,0,0,0,304
"Oklahoma","Oklahoma",2015,365,218,145,2,0,0,0,115,71,46,0,29,191,145,0
"Oklahoma","Ottawa",2015,364,186,178,0,0,0,0,89,62,50,0,0,62,299,3
"Oklahoma","Pittsburg",2015,365,260,105,0,0,0,0,100,58,41,0,0,175,190,0
"Oklahoma","Sequoyah",2015,365,304,61,0,0,0,0,93,55,36,0,47,212,80,26
"Oklahoma","Tulsa",2015,365,163,200,2,0,0,0,147,67,52,0,0,128,236,1
"Oregon","Baker",2015,365,285,70,8,2,0,0,159,57,31,0,0,0,365,0
"Oregon","Benton",2015,365,314,49,1,1,0,0,154,54,22,0,0,0,365,0
"Oregon","Clackamas",2015,222,190,28,2,2,0,0,180,57,35,0,0,98,124,0
"Oregon","Columbia",2015,359,308,50,1,0,0,0,120,53,33,0,0,129,230,0
"Oregon","Crook",2015,362,252,102,6,2,0,0,170,68,32,0,0,0,362,0
"Oregon","Deschutes",2015,365,295,64,5,1,0,0,163,61,37,0,0,125,240,0
"Oregon","Douglas",2015,365,292,72,1,0,0,0,141,56,26,0,0,0,365,0
"Oregon","Grant",2015,363,215,139,4,5,0,0,172,64,42,0,0,0,363,0
"Oregon","Harney",2015,365,240,122,3,0,0,0,126,67,35,0,0,0,365,0
"Oregon","Jackson",2015,365,191,145,18,8,2,1,319,91,49,0,0,111,254,0
"Oregon","Jefferson",2015,92,60,28,3,1,0,0,160,81,42,0,0,0,92,0
"Oregon","Josephine",2015,365,241,118,4,2,0,0,171,69,37,0,0,0,365,0
"Oregon","Klamath",2015,365,213,139,11,1,1,0,205,77,42,0,0,0,365,0
"Oregon","Lake",2015,365,270,92,3,0,0,0,125,68,28,0,0,0,365,0
"Oregon","Lane",2015,365,213,137,13,2,0,0,199,81,44,0,0,122,243,0
"Oregon","Linn",2015,365,272,88,2,3,0,0,189,61,31,0,0,0,365,0
"Oregon","Marion",2015,365,267,95,1,2,0,0,176,62,37,0,0,132,233,0
"Oregon","Multnomah",2015,365,277,86,0,2,0,0,167,61,39,0,4,167,191,3
"Oregon","Umatilla",2015,365,246,110,6,3,0,0,160,63,41,0,0,120,245,0
"Oregon","Union",2015,362,254,97,6,5,0,0,191,69,38,0,0,0,362,0
"Oregon","Wallowa",2015,364,289,66,4,5,0,0,185,58,26,0,0,0,364,0
"Oregon","Wasco",2015,358,300,56,0,2,0,0,158,55,27,0,0,0,358,0
"Oregon","Washington",2015,365,254,109,1,1,0,0,157,61,40,0,25,160,180,0
"Pennsylvania","Adams",2015,365,176,188,1,0,0,0,101,68,51,0,0,162,203,0
"Pennsylvania","Allegheny",2015,365,105,241,18,1,0,0,157,90,58,0,1,96,268,0
"Pennsylvania","Armstrong",2015,364,141,220,3,0,0,0,115,71,53,0,0,105,259,0
"Pennsylvania","Beaver",2015,365,174,186,5,0,0,0,122,73,51,0,3,149,213,0
"Pennsylvania","Berks",2015,365,148,211,6,0,0,0,119,80,54,0,1,125,239,0
"Pennsylvania","Blair",2015,365,168,195,2,0,0,0,108,69,52,0,0,92,273,0
"Pennsylvania","Bradford",2015,365,352,13,0,0,0,0,77,44,32,0,2,363,0,0
"Pennsylvania","Bucks",2015,362,155,190,16,1,0,0,164,85,53,0,1,133,228,0
"Pennsylvania","Cambria",2015,365,130,235,0,0,0,0,97,71,54,0,6,64,294,1
"Pennsylvania","Centre",2015,365,204,159,2,0,0,0,108,69,46,0,3,136,226,0
"Pennsylvania","Chester",2015,365,133,230,1,1,0,0,166,75,55,0,0,91,274,0
"Pennsylvania","Clearfield",2015,336,292,44,0,0,0,0,100,54,38,0,0,336,0,0
"Pennsylvania","Cumberland",2015,363,133,229,1,0,0,0,121,73,54,0,0,0,363,0
"Pennsylvania","Dauphin",2015,365,120,237,8,0,0,0,124,77,56,0,0,87,277,1
"Pennsylvania","Delaware",2015,365,120,236,9,0,0,0,150,74,55,0,3,94,267,1
"Pennsylvania","Elk",2015,347,324,22,1,0,0,0,101,48,36,0,0,347,0,0
"Pennsylvania","Erie",2015,365,221,142,2,0,0,0,115,66,44,0,9,159,197,0
"Pennsylvania","Franklin",2015,359,340,19,0,0,0,0,77,47,34,0,0,359,0,0
"Pennsylvania","Greene",2015,362,301,57,4,0,0,0,115,61,37,0,0,362,0,0
"Pennsylvania","Indiana",2015,363,300,59,4,0,0,0,119,61,37,0,0,363,0,0
"Pennsylvania","Lackawanna",2015,365,176,186,3,0,0,0,108,74,51,0,3,113,249,0
"Pennsylvania","Lancaster",2015,365,121,234,10,0,0,0,140,85,56,0,2,94,269,0
"Pennsylvania","Lawrence",2015,365,332,32,1,0,0,0,101,49,33,0,0,334,0,31
"Pennsylvania","Lebanon",2015,365,174,179,12,0,0,0,133,84,52,0,0,178,187,0
"Pennsylvania","Lehigh",2015,365,319,43,3,0,0,0,108,58,34,0,0,349,0,16
"Pennsylvania","Luzerne",2015,365,329,35,1,0,0,0,105,50,34,0,0,347,0,18
"Pennsylvania","Lycoming",2015,363,340,23,0,0,0,0,87,48,34,0,0,362,0,1
"Pennsylvania","Mercer",2015,365,159,203,2,1,0,0,153,71,53,0,0,102,263,0
"Pennsylvania","Monroe",2015,364,243,120,1,0,0,0,112,64,42,0,0,202,162,0
"Pennsylvania","Montgomery",2015,365,206,153,6,0,0,0,133,73,47,0,0,183,182,0
"Pennsylvania","Northampton",2015,365,124,236,5,0,0,0,119,80,56,0,1,71,293,0
"Pennsylvania","Philadelphia",2015,365,103,246,14,2,0,0,161,86,56,0,3,90,272,0
"Pennsylvania","Somerset",2015,287,272,15,0,0,0,0,77,48,34,0,0,287,0,0
"Pennsylvania","Tioga",2015,365,224,141,0,0,0,0,90,64,44,0,1,180,184,0
"Pennsylvania","Washington",2015,365,100,258,7,0,0,0,119,75,55,0,0,73,292,0
"Pennsylvania","Westmoreland",2015,365,168,194,3,0,0,0,147,74,52,0,0,99,266,0
"Pennsylvania","York",2015,365,135,221,9,0,0,0,126,82,55,0,5,111,249,0
"Puerto Rico","Adjuntas",2015,91,80,11,0,0,0,0,64,52,27,0,0,0,91,0
"Puerto Rico","Bayamon",2015,267,241,25,1,0,0,0,146,50,18,45,0,152,70,0
"Puerto Rico","Catano",2015,365,337,27,1,0,0,0,139,46,19,0,0,103,0,262
"Puerto Rico","Fajardo",2015,322,299,23,0,0,0,0,68,45,22,0,0,0,64,258
"Puerto Rico","Guayama",2015,110,91,19,0,0,0,0,68,55,25,0,0,0,84,26
"Puerto Rico","Guayanilla",2015,111,94,17,0,0,0,0,63,55,26,0,0,0,111,0
"Puerto Rico","Guaynabo",2015,353,298,55,0,0,0,0,100,57,27,39,56,0,73,185
"Puerto Rico","Juncos",2015,312,312,0,0,0,0,0,38,30,19,0,0,312,0,0
"Puerto Rico","Ponce",2015,365,328,37,0,0,0,0,69,51,24,26,0,0,87,252
"Puerto Rico","San Juan",2015,329,321,8,0,0,0,0,66,23,13,312,0,0,17,0
"Rhode Island","Kent",2015,357,282,72,2,1,0,0,166,57,40,0,1,208,147,1
"Rhode Island","Providence",2015,365,173,187,3,2,0,0,177,70,52,0,31,88,246,0
"Rhode Island","Washington",2015,361,265,89,7,0,0,0,147,61,42,0,0,160,201,0
"South Carolina","Abbeville",2015,266,261,5,0,0,0,0,71,44,32,0,0,266,0,0
"South Carolina","Aiken",2015,247,236,11,0,0,0,0,64,49,38,0,0,247,0,0
"South Carolina","Anderson",2015,200,185,15,0,0,0,0,80,49,38,0,0,200,0,0
"South Carolina","Berkeley",2015,211,208,3,0,0,0,0,61,44,33,0,0,211,0,0
"South Carolina","Charleston",2015,365,256,108,1,0,0,0,114,58,43,0,0,56,309,0
"South Carolina","Cherokee",2015,318,276,42,0,0,0,0,87,58,37,0,0,318,0,0
"South Carolina","Chesterfield",2015,357,218,139,0,0,0,0,91,60,47,0,0,134,221,2
"South Carolina","Colleton",2015,299,252,47,0,0,0,0,72,52,37,0,0,163,136,0
"South Carolina","Darlington",2015,244,229,15,0,0,0,0,84,49,40,0,0,244,0,0
"South Carolina","Edgefield",2015,291,241,49,1,0,0,0,105,54,37,0,0,183,108,0
"South Carolina","Florence",2015,168,88,80,0,0,0,0,77,60,49,0,0,0,168,0
"South Carolina","Georgetown",2015,274,272,2,0,0,0,0,55,31,15,0,0,0,0,274
"South Carolina","Greenville",2015,365,186,177,2,0,0,0,112,68,49,0,18,157,190,0
"South Carolina","Lexington",2015,365,202,163,0,0,0,0,92,59,47,0,0,0,335,30
"South Carolina","Oconee",2015,358,325,33,0,0,0,0,74,49,37,0,0,321,37,0
"South Carolina","Pickens",2015,217,194,23,0,0,0,0,87,51,39,0,0,217,0,0
"South Carolina","Richland",2015,365,221,144,0,0,0,0,90,59,46,0,0,132,233,0
"South Carolina","Spartanburg",2015,364,187,177,0,0,0,0,97,67,49,0,0,93,271,0
"South Carolina","York",2015,337,321,16,0,0,0,0,100,47,33,0,0,337,0,0
"South Dakota","Brookings",2015,360,282,76,2,0,0,0,129,60,38,0,0,227,122,11
"South Dakota","Brown",2015,121,102,19,0,0,0,0,94,54,32,0,0,0,120,1
"South Dakota","Codington",2015,356,276,79,1,0,0,0,138,56,34,0,0,0,307,49
"South Dakota","Custer",2015,365,326,37,2,0,0,0,133,51,40,0,0,309,56,0
"South Dakota","Hughes",2015,361,331,28,1,1,0,0,152,43,21,0,0,0,361,0
"South Dakota","Jackson",2015,364,320,42,2,0,0,0,142,53,38,0,0,297,67,0
"South Dakota","Meade",2015,365,352,13,0,0,0,0,64,46,38,0,0,365,0,0
"South Dakota","Minnehaha",2015,365,207,155,3,0,0,0,124,64,47,0,5,61,281,18
"South Dakota","Pennington",2015,365,182,180,3,0,0,0,120,65,51,0,16,0,267,82
"South Dakota","Union",2015,365,243,120,2,0,0,0,108,61,43,0,0,142,216,7
"Tennessee","Anderson",2015,240,216,24,0,0,0,0,97,51,39,0,0,240,0,0
"Tennessee","Blount",2015,364,284,79,1,0,0,0,105,61,41,3,0,302,59,0
"Tennessee","Claiborne",2015,363,341,22,0,0,0,0,84,49,35,0,0,363,0,0
"Tennessee","Davidson",2015,365,141,224,0,0,0,0,97,67,53,0,19,50,296,0
"Tennessee","DeKalb",2015,353,336,17,0,0,0,0,77,46,35,0,0,353,0,0
"Tennessee","Dyer",2015,111,71,40,0,0,0,0,70,57,42,0,0,0,111,0
"Tennessee","Hamilton",2015,284,211,70,3,0,0,0,133,62,43,0,0,198,86,0
"Tennessee","Jefferson",2015,245,183,61,1,0,0,0,101,71,44,0,0,245,0,0
"Tennessee","Knox",2015,365,182,182,1,0,0,0,101,66,51,0,0,94,271,0
"Tennessee","Lawrence",2015,110,77,33,0,0,0,0,73,55,40,0,0,0,110,0
"Tennessee","Loudon",2015,276,185,91,0,0,0,0,100,62,43,0,0,188,88,0
"Tennessee","Madison",2015,110,66,44,0,0,0,0,66,58,43,0,0,0,110,0
"Tennessee","Maury",2015,98,75,23,0,0,0,0,66,56,39,0,0,0,98,0
"Tennessee","McMinn",2015,110,72,38,0,0,0,0,67,59,43,0,0,0,110,0
"Tennessee","Montgomery",2015,356,225,131,0,0,0,0,74,59,44,0,0,0,353,3
"Tennessee","Putnam",2015,118,81,37,0,0,0,0,65,58,37,0,0,0,118,0
"Tennessee","Roane",2015,120,64,56,0,0,0,0,73,62,49,0,0,0,103,17
"Tennessee","Sevier",2015,364,302,61,1,0,0,0,112,58,43,0,0,364,0,0
"Tennessee","Shelby",2015,365,174,187,4,0,0,0,129,67,51,0,4,95,266,0
"Tennessee","Sullivan",2015,365,291,74,0,0,0,0,100,58,39,3,83,213,66,0
"Tennessee","Sumner",2015,284,204,79,1,0,0,0,112,61,42,0,0,197,87,0
"Tennessee","Union",2015,365,344,21,0,0,0,0,96,43,19,0,0,0,0,365
"Tennessee","Williamson",2015,241,223,18,0,0,0,0,84,49,36,0,0,241,0,0
"Tennessee","Wilson",2015,244,211,33,0,0,0,0,93,54,38,0,0,244,0,0
"Texas","Bell",2015,365,309,51,5,0,0,0,133,61,36,0,0,365,0,0
"Texas","Bexar",2015,365,139,212,11,3,0,0,156,78,53,0,6,114,245,0
"Texas","Bowie",2015,118,57,61,0,0,0,0,81,63,51,0,0,0,118,0
"Texas","Brazoria",2015,365,308,42,11,4,0,0,164,71,33,0,13,352,0,0
"Texas","Brewster",2015,358,264,94,0,0,0,0,87,58,42,0,0,248,110,0
"Texas","Cameron",2015,365,197,166,2,0,0,0,108,70,48,0,0,86,279,0
"Texas","Collin",2015,360,304,47,9,0,0,0,143,67,36,0,0,360,0,0
"Texas","Culberson",2015,113,109,4,0,0,0,0,66,41,21,0,0,0,113,0
"Texas","Dallas",2015,365,169,186,10,0,0,0,147,77,52,0,16,127,222,0
"Texas","Denton",2015,365,212,132,17,4,0,0,172,77,46,0,2,215,148,0
"Texas","Ector",2015,365,255,110,0,0,0,0,76,57,39,0,0,0,365,0
"Texas","El Paso",2015,365,128,230,7,0,0,0,136,80,54,0,7,170,187,1
"Texas","Ellis",2015,365,224,138,3,0,0,0,136,66,46,0,3,150,212,0
"Texas","Fayette",2015,361,271,90,0,0,0,0,80,57,33,0,0,0,361,0
"Texas","Galveston",2015,365,255,92,15,3,0,0,190,74,44,0,1,220,143,1
"Texas","Gregg",2015,365,324,39,2,0,0,0,143,51,33,0,3,362,0,0
"Texas","Harris",2015,365,88,238,27,11,1,0,203,101,58,0,7,86,263,9
"Texas","Harrison",2015,365,251,114,0,0,0,0,96,60,42,0,0,158,207,0
"Texas","Hidalgo",2015,365,189,175,1,0,0,0,107,68,49,0,0,49,316,0
"Texas","Hood",2015,364,308,49,6,1,0,0,151,64,34,0,0,364,0,0
"Texas","Hunt",2015,365,339,26,0,0,0,0,80,48,33,0,4,361,0,0
"Texas","Jefferson",2015,365,209,146,9,1,0,0,164,71,47,0,0,166,199,0
"Texas","Johnson",2015,361,300,55,5,1,0,0,156,64,35,0,0,361,0,0
"Texas","Kaufman",2015,364,252,112,0,0,0,0,93,61,42,0,2,173,189,0
"Texas","Kleberg",2015,354,218,136,0,0,0,0,95,65,44,0,0,0,354,0
"Texas","Maverick",2015,333,207,126,0,0,0,0,83,61,44,0,0,0,333,0
"Texas","McLennan",2015,365,250,112,3,0,0,0,115,64,42,0,1,204,160,0
"Texas","Montgomery",2015,365,195,165,5,0,0,0,133,74,48,0,0,135,230,0
"Texas","Navarro",2015,364,234,129,1,0,0,0,105,65,43,0,0,161,203,0
"Texas","Nueces",2015,365,203,160,2,0,0,0,112,67,48,0,0,121,244,0
"Texas","Orange",2015,365,252,113,0,0,0,0,100,61,42,0,2,148,215,0
"Texas","Parker",2015,365,301,47,17,0,0,0,133,67,37,0,0,365,0,0
"Texas","Polk",2015,327,310,17,0,0,0,0,93,46,31,0,0,327,0,0
"Texas","Potter",2015,361,315,45,1,0,0,0,128,52,29,0,0,0,361,0
"Texas","Randall",2015,356,300,56,0,0,0,0,97,58,42,0,0,356,0,0
"Texas","Rockwall",2015,364,309,48,7,0,0,0,140,64,36,0,0,364,0,0
"Texas","Smith",2015,365,319,45,1,0,0,0,108,54,33,0,1,364,0,0
"Texas","Tarrant",2015,365,185,155,23,2,0,0,172,83,50,0,7,139,219,0
"Texas","Travis",2015,365,193,162,10,0,0,0,150,74,49,0,14,138,213,0
"Texas","Victoria",2015,357,323,33,1,0,0,0,105,50,32,0,0,357,0,0
"Texas","Webb",2015,365,192,173,0,0,0,0,95,67,49,1,0,52,310,2
"Utah","Box Elder",2015,365,249,111,5,0,0,0,120,71,45,0,0,305,60,0
"Utah","Cache",2015,365,251,110,3,1,0,0,159,69,43,0,5,174,185,1
"Utah","Carbon",2015,293,200,91,2,0,0,0,112,64,46,0,0,293,0,0
"Utah","Davis",2015,357,270,80,7,0,0,0,143,67,39,0,26,227,102,2
"Utah","Duchesne",2015,365,269,93,3,0,0,0,129,65,45,0,0,305,60,0
"Utah","Garfield",2015,364,299,63,2,0,0,0,108,58,42,0,0,364,0,0
"Utah","Salt Lake",2015,365,163,175,25,2,0,0,154,92,54,0,31,239,88,7
"Utah","San Juan",2015,362,285,76,1,0,0,0,105,64,43,0,0,360,2,0
"Utah","Tooele",2015,365,299,62,4,0,0,0,143,58,33,0,0,132,233,0
"Utah","Uintah",2015,365,242,121,2,0,0,0,122,67,46,0,0,341,24,0
"Utah","Utah",2015,365,206,146,13,0,0,0,120,86,48,0,45,213,104,3
"Utah","Washington",2015,365,276,86,3,0,0,0,108,67,43,0,0,335,30,0
"Utah","Wayne",2015,119,117,2,0,0,0,0,68,22,10,0,0,0,119,0
"Utah","Weber",2015,365,197,155,12,1,0,0,189,80,50,0,5,198,152,10
"Vermont","Bennington",2015,365,276,89,0,0,0,0,97,57,39,0,0,226,139,0
"Vermont","Chittenden",2015,365,278,87,0,0,0,0,100,59,39,0,0,212,153,0
"Vermont","Rutland",2015,365,225,137,3,0,0,0,121,69,40,0,35,0,330,0
"Vermont","Windham",2015,112,105,7,0,0,0,0,66,43,18,0,0,0,112,0
"Virgin Islands","St Croix",2015,38,16,22,0,0,0,0,88,80,54,0,0,0,21,17
"Virgin Islands","St John",2015,109,79,30,0,0,0,0,74,60,32,0,0,0,109,0
"Virginia","Albemarle",2015,365,271,94,0,0,0,0,77,57,41,0,0,124,241,0
"Virginia","Alexandria City",2015,345,337,8,0,0,0,0,67,40,23,21,300,0,0,24
"Virginia","Arlington",2015,365,271,88,6,0,0,0,126,67,41,8,105,181,71,0
"Virginia","Bristol City",2015,112,75,37,0,0,0,0,67,56,39,0,0,0,112,0
"Virginia","Caroline",2015,204,185,19,0,0,0,0,87,50,40,0,0,204,0,0
"Virginia","Carroll",2015,58,58,0,0,0,0,0,35,18,10,0,0,0,0,58
"Virginia","Charles",2015,350,306,43,1,0,0,0,112,52,34,0,101,166,83,0
"Virginia","Chesterfield",2015,247,186,61,0,0,0,0,100,61,41,0,0,160,87,0
"Virginia","Fairfax",2015,365,217,144,4,0,0,0,119,66,46,0,0,124,241,0
"Virginia","Fauquier",2015,208,200,8,0,0,0,0,61,47,36,0,0,208,0,0
"Virginia","Frederick",2015,342,213,129,0,0,0,0,86,64,45,0,0,104,238,0
"Virginia","Fredericksburg City",2015,57,57,0,0,0,0,0,27,19,11,0,0,0,0,57
"Virginia","Giles",2015,357,324,33,0,0,0,0,93,50,39,0,0,357,0,0
"Virginia","Hampton City",2015,365,274,91,0,0,0,0,90,61,40,1,1,159,204,0
"Virginia","Hanover",2015,214,189,25,0,0,0,0,74,54,40,0,0,214,0,0
"Virginia","Henrico",2015,365,233,129,3,0,0,0,119,62,44,1,0,148,216,0
"Virginia","Hopewell City",2015,60,60,0,0,0,0,0,23,16,10,0,0,0,0,60
"Virginia","King William",2015,54,54,0,0,0,0,0,30,19,12,0,0,0,0,54
"Virginia","Loudoun",2015,361,294,63,4,0,0,0,115,60,38,0,118,167,76,0
"Virginia","Lynchburg City",2015,116,86,30,0,0,0,0,67,56,39,0,0,0,116,0
"Virginia","Madison",2015,361,280,81,0,0,0,0,89,58,44,0,0,294,67,0
"Virginia","Norfolk City",2015,365,332,33,0,0,0,0,79,47,21,13,235,0,117,0
"Virginia","Page",2015,243,195,48,0,0,0,0,90,57,43,0,0,181,62,0
"Virginia","Prince Edward",2015,361,351,10,0,0,0,0,74,46,34,0,0,361,0,0
"Virginia","Prince William",2015,364,330,34,0,0,0,0,93,50,30,0,151,213,0,0
"Virginia","Richmond City",2015,365,172,193,0,0,0,0,86,64,51,0,10,0,355,0
"Virginia","Roanoke",2015,365,242,123,0,0,0,0,90,60,43,0,5,112,248,0
"Virginia","Rockbridge",2015,263,229,34,0,0,0,0,83,51,38,0,0,181,82,0
"Virginia","Rockingham",2015,361,306,55,0,0,0,0,90,55,36,0,104,174,83,0
"Virginia","Salem City",2015,118,74,44,0,0,0,0,92,60,42,0,0,0,118,0
"Virginia","Stafford",2015,214,183,31,0,0,0,0,97,54,40,0,0,214,0,0
"Virginia","Suffolk City",2015,214,182,32,0,0,0,0,93,58,40,0,0,214,0,0
"Virginia","Virginia Beach City",2015,352,254,98,0,0,0,0,87,57,39,0,0,0,352,0
"Virginia","Winchester City",2015,59,59,0,0,0,0,0,31,17,11,0,0,0,0,59
"Virginia","Wythe",2015,211,196,15,0,0,0,0,74,49,38,0,0,211,0,0
"Washington","Adams",2015,356,294,57,2,3,0,0,165,55,27,0,0,0,356,0
"Washington","Asotin",2015,267,177,90,0,0,0,0,84,63,36,0,0,0,267,0
"Washington","Benton",2015,362,269,83,8,1,0,1,483,66,37,0,0,74,267,21
"Washington","Chelan",2015,362,243,116,3,0,0,0,148,65,33,0,0,0,362,0
"Washington","Clallam",2015,364,263,101,0,0,0,0,80,58,41,1,0,178,185,0
"Washington","Clark",2015,344,243,96,2,3,0,0,159,65,40,0,0,93,251,0
"Washington","Columbia",2015,362,342,19,1,0,0,0,104,43,19,0,0,0,362,0
"Washington","Cowlitz",2015,362,308,53,1,0,0,0,109,54,27,0,0,0,362,0
"Washington","Franklin",2015,359,300,56,3,0,0,0,139,55,27,0,0,0,359,0
"Washington","Grant",2015,360,289,67,3,1,0,0,152,58,31,0,0,0,360,0
"Washington","Grays Harbor",2015,343,303,40,0,0,0,0,68,51,29,0,0,0,343,0
"Washington","Jefferson",2015,307,275,32,0,0,0,0,75,51,26,0,0,0,307,0
"Washington","King",2015,364,131,224,9,0,0,0,129,73,53,1,28,43,292,0
"Washington","Kitsap",2015,358,333,25,0,0,0,0,84,44,23,0,0,0,358,0
"Washington","Kittitas",2015,363,281,78,2,2,0,0,159,64,28,0,0,0,363,0
"Washington","Klickitat",2015,120,107,12,1,0,0,0,108,52,21,0,0,0,120,0
"Washington","Lewis",2015,361,311,49,0,1,0,0,154,53,30,0,0,0,361,0
"Washington","Mason",2015,362,316,45,1,0,0,0,102,53,29,0,0,0,362,0
"Washington","Okanogan",2015,363,173,173,6,4,1,6,820,76,52,0,0,0,363,0
"Washington","Pierce",2015,365,235,123,6,1,0,0,166,67,44,0,0,173,192,0
"Washington","Skagit",2015,365,284,80,1,0,0,0,116,55,39,0,0,150,215,0
"Washington","Snohomish",2015,362,238,112,10,2,0,0,158,69,38,0,0,0,362,0
"Washington","Spokane",2015,364,215,135,10,4,0,0,173,71,46,1,0,116,236,11
"Washington","Stevens",2015,362,224,126,10,2,0,0,161,73,36,0,0,0,325,37
"Washington","Thurston",2015,357,295,62,0,0,0,0,99,58,34,0,0,140,217,0
"Washington","Walla Walla",2015,362,289,69,3,1,0,0,153,56,26,0,0,0,362,0
"Washington","Whatcom",2015,331,279,52,0,0,0,0,91,53,34,0,0,95,236,0
"Washington","Whitman",2015,362,297,57,7,1,0,0,185,56,26,0,0,0,362,0
"Washington","Yakima",2015,363,190,153,16,4,0,0,192,87,48,0,0,0,362,1
"West Virginia","Berkeley",2015,254,162,92,0,0,0,0,100,69,47,0,0,172,82,0
"West Virginia","Brooke",2015,365,295,70,0,0,0,0,92,61,17,12,0,0,123,230
"West Virginia","Cabell",2015,259,178,80,1,0,0,0,101,67,43,0,0,177,82,0
"West Virginia","Gilmer",2015,346,338,8,0,0,0,0,67,44,31,0,0,346,0,0
"West Virginia","Greenbrier",2015,210,202,8,0,0,0,0,71,48,38,0,0,210,0,0
"West Virginia","Hancock",2015,365,284,79,2,0,0,0,112,62,36,15,0,174,83,93
"West Virginia","Harrison",2015,116,65,51,0,0,0,0,86,61,46,0,0,0,116,0
"West Virginia","Kanawha",2015,359,281,76,1,1,0,0,167,61,36,0,0,158,94,107
"West Virginia","Marion",2015,119,60,59,0,0,0,0,90,62,49,0,0,0,119,0
"West Virginia","Marshall",2015,363,176,187,0,0,0,0,88,65,51,0,0,0,363,0
"West Virginia","Monongalia",2015,254,184,68,2,0,0,0,133,64,43,0,0,177,77,0
"West Virginia","Ohio",2015,251,165,84,2,0,0,0,112,66,44,0,0,169,82,0
"West Virginia","Raleigh",2015,25,20,5,0,0,0,0,53,52,32,0,0,0,25,0
"West Virginia","Tucker",2015,355,326,28,1,0,0,0,115,50,36,0,0,324,31,0
"West Virginia","Wood",2015,260,176,80,4,0,0,0,129,66,44,0,0,180,80,0
"Wisconsin","Ashland",2015,360,347,13,0,0,0,0,77,44,33,0,0,346,14,0
"Wisconsin","Brown",2015,362,237,124,1,0,0,0,122,62,42,0,0,144,218,0
"Wisconsin","Columbia",2015,214,192,22,0,0,0,0,80,51,40,0,0,214,0,0
"Wisconsin","Dane",2015,347,224,122,1,0,0,0,106,64,44,0,0,140,207,0
"Wisconsin","Dodge",2015,365,273,91,1,0,0,0,101,60,41,0,0,234,130,1
"Wisconsin","Door",2015,202,175,22,5,0,0,0,129,61,39,0,0,202,0,0
"Wisconsin","Eau Claire",2015,358,303,54,1,0,0,0,125,54,36,0,0,181,177,0
"Wisconsin","Fond du Lac",2015,194,165,29,0,0,0,0,97,58,40,0,0,194,0,0
"Wisconsin","Forest",2015,362,318,43,1,0,0,0,102,52,35,0,0,294,68,0
"Wisconsin","Grant",2015,361,253,107,1,0,0,0,107,59,39,0,0,0,361,0
"Wisconsin","Jefferson",2015,198,171,27,0,0,0,0,93,58,40,0,0,198,0,0
"Wisconsin","Kenosha",2015,361,221,134,5,1,0,0,160,67,45,0,0,158,203,0
"Wisconsin","Kewaunee",2015,200,170,27,3,0,0,0,119,58,40,0,0,200,0,0
"Wisconsin","La Crosse",2015,361,280,81,0,0,0,0,98,58,40,0,0,186,175,0
"Wisconsin","Manitowoc",2015,191,159,27,5,0,0,0,133,67,38,0,0,191,0,0
"Wisconsin","Marathon",2015,204,192,12,0,0,0,0,90,48,36,0,0,204,0,0
"Wisconsin","Milwaukee",2015,365,199,163,3,0,0,0,112,67,48,0,5,118,242,0
"Wisconsin","Outagamie",2015,362,242,120,0,0,0,0,98,64,43,0,0,140,222,0
"Wisconsin","Ozaukee",2015,365,260,100,5,0,0,0,122,64,40,0,0,167,198,0
"Wisconsin","Racine",2015,185,154,30,1,0,0,0,105,67,39,0,0,185,0,0
"Wisconsin","Rock",2015,192,165,27,0,0,0,0,100,58,41,0,0,192,0,0
"Wisconsin","Sauk",2015,364,273,91,0,0,0,0,96,58,40,0,0,153,209,2
"Wisconsin","Sheboygan",2015,198,154,33,10,1,0,0,159,80,40,0,0,198,0,0
"Wisconsin","Taylor",2015,365,316,48,1,0,0,0,120,54,36,0,0,247,118,0
"Wisconsin","Vilas",2015,204,186,18,0,0,0,0,84,48,34,0,0,170,34,0
"Wisconsin","Walworth",2015,199,170,28,1,0,0,0,108,58,40,0,0,199,0,0
"Wisconsin","Waukesha",2015,357,219,137,1,0,0,0,105,65,44,0,0,123,234,0
"Wyoming","Albany",2015,365,277,88,0,0,0,0,93,61,46,0,0,310,11,44
"Wyoming","Big Horn",2015,359,315,44,0,0,0,0,71,51,41,0,0,303,52,4
"Wyoming","Campbell",2015,365,241,121,2,1,0,0,198,66,46,0,8,172,64,121
"Wyoming","Carbon",2015,365,326,38,1,0,0,0,105,51,42,0,2,351,12,0
"Wyoming","Converse",2015,365,288,72,3,2,0,0,161,61,43,0,0,272,31,62
"Wyoming","Fremont",2015,365,276,89,0,0,0,0,97,60,45,0,0,323,42,0
"Wyoming","Goshen",2015,167,142,23,2,0,0,0,138,56,29,0,0,10,157,0
"Wyoming","Johnson",2015,57,56,1,0,0,0,0,61,24,8,0,0,0,57,0
"Wyoming","Laramie",2015,365,302,62,0,1,0,0,152,61,43,1,3,310,50,1
"Wyoming","Lincoln",2015,365,355,10,0,0,0,0,96,34,13,0,0,0,0,365
"Wyoming","Natrona",2015,365,329,36,0,0,0,0,96,50,41,0,14,338,13,0
"Wyoming","Park",2015,126,118,8,0,0,0,0,84,44,18,0,0,0,111,15
"Wyoming","Platte",2015,60,57,3,0,0,0,0,86,46,14,0,0,0,0,60
"Wyoming","Sheridan",2015,365,318,45,2,0,0,0,146,54,40,0,0,253,61,51
"Wyoming","Sublette",2015,365,288,76,1,0,0,0,101,61,45,0,0,337,28,0
"Wyoming","Sweetwater",2015,365,256,105,4,0,0,0,119,71,45,0,3,331,6,25
"Wyoming","Teton",2015,365,322,42,1,0,0,0,107,53,42,0,0,349,13,3
"Wyoming","Uinta",2015,365,316,47,2,0,0,0,101,54,41,0,0,354,0,11
"Wyoming","Weston",2015,364,324,40,0,0,0,0,93,51,40,0,0,336,27,1
